name,way_id,lat,lon,way_border
Vườn hoa Vạn Xuân,28869503,21.040095800000003,105.8464381375,"[(21.0400792, 105.8454938), (21.0404191, 105.8455937), (21.0402758, 105.8469779), (21.0401774, 105.8470857), (21.0399872, 105.8470836), (21.039877, 105.8469905), (21.0398715, 105.8467861), (21.0400792, 105.8454938)]"
Vườn hoa 19-8,28869505,21.023438357142858,105.85704439047619,"[(21.0239505, 105.8570303), (21.0239447, 105.8570059), (21.0239261, 105.856986), (21.0238948, 105.8569684), (21.0232983, 105.8567449), (21.0232523, 105.8567277), (21.0232232, 105.85673), (21.0232013, 105.8567453), (21.0231861, 105.8567701), (21.0231799, 105.8567911), (21.0230353, 105.8572745), (21.0230342, 105.8573004), (21.0230401, 105.8573106), (21.0230464, 105.8573216), (21.0230687, 105.8573302), (21.023078, 105.8573289), (21.0230979, 105.8573261), (21.0239172, 105.8570824), (21.0239329, 105.857073), (21.0239471, 105.8570545), (21.0239505, 105.8570303)]"
Công viên Thống Nhất,37933849,21.013002654901957,105.84483732352943,"[(21.0168343, 105.8476839), (21.0152853, 105.8471586), (21.0153014, 105.8470442), (21.0151575, 105.8469969), (21.0151585, 105.8469925), (21.0152317, 105.846655), (21.0132957, 105.8459045), (21.0131567, 105.8464), (21.0130481, 105.8463581), (21.0129118, 105.8463056), (21.0130308, 105.8458306), (21.0127196, 105.845735), (21.0126468, 105.8457761), (21.0125647, 105.8461749), (21.0110582, 105.8458007), (21.0104082, 105.8456226), (21.0100548, 105.8455073), (21.00975, 105.8455523), (21.0095572, 105.845652), (21.0091155, 105.8458335), (21.0089056, 105.8459247), (21.0082807, 105.8459544), (21.0081996, 105.8458872), (21.0081752, 105.8456702), (21.0081371, 105.8452093), (21.0080142, 105.8441319), (21.0078784, 105.8429996), (21.0078388, 105.8424522), (21.007848, 105.8421733), (21.0078805, 105.841963), (21.0082854, 105.8415128), (21.0110473, 105.8415053), (21.0135131, 105.8414986), (21.0143742, 105.8414963), (21.0150031, 105.841501), (21.0150251, 105.841952), (21.0150197, 105.8426085), (21.0160614, 105.8426528), (21.0160698, 105.8427448), (21.0159219, 105.8427366), (21.0159048, 105.8432897), (21.0166679, 105.8433528), (21.017057, 105.8434132), (21.0169556, 105.8443508), (21.0169369, 105.8446393), (21.0171122, 105.8447192), (21.0170579, 105.8462255), (21.0170379, 105.8466789), (21.0169253, 105.8471675), (21.0168797, 105.8476239), (21.0168343, 105.8476839)]"
Công viên Indira Gandhi,38137267,21.018820259259265,105.81409503703705,"[(21.0174097, 105.8144149), (21.0175387, 105.8149649), (21.0173734, 105.8152232), (21.0183662, 105.8159351), (21.0185904, 105.8155966), (21.0188767, 105.8157846), (21.0190438, 105.8157432), (21.0192609, 105.8154013), (21.0193014, 105.8153337), (21.019645, 105.8147338), (21.0198613, 105.8144312), (21.0200773, 105.8141788), (21.0202645, 105.8140691), (21.0204896, 105.8140392), (21.0204028, 105.8132291), (21.0203033, 105.8123582), (21.0199997, 105.8123857), (21.019598, 105.812466), (21.0190987, 105.8125401), (21.0186884, 105.8129225), (21.0179002, 105.8136555), (21.0177385, 105.8134307), (21.0180625, 105.8131094), (21.0180044, 105.8130494), (21.0177286, 105.8129191), (21.0171133, 105.8142358), (21.0174097, 105.8144149)]"
Vườn hoa Bãi Sậy,124877384,21.035279824,105.83626734,"[(21.0355369, 105.8360292), (21.0355248, 105.8360932), (21.0355223, 105.8361066), (21.0355111, 105.8361658), (21.0355069, 105.8361873), (21.0354971, 105.8362432), (21.0354932, 105.8362664), (21.0354987, 105.8362757), (21.0355061, 105.8362883), (21.0355192, 105.8363107), (21.0352817, 105.8365543), (21.0352649, 105.8365671), (21.0352559, 105.836574), (21.035225, 105.8365859), (21.0350217, 105.8365592), (21.0349956, 105.8365445), (21.0349749, 105.8365194), (21.0349726, 105.8365096), (21.0349678, 105.8364888), (21.0350568, 105.8359934), (21.0350623, 105.8359625), (21.0350719, 105.8359486), (21.0350839, 105.8359416), (21.0351074, 105.835939), (21.0355369, 105.8360292)]"
Vườn hoa Pasteur,124877385,21.01403798,105.85946965999999,"[(21.0135337, 105.8593453), (21.0136237, 105.8599125), (21.0148198, 105.8596462), (21.014679, 105.859099), (21.0135337, 105.8593453)]"
Công viên Đền Lừ,136176176,20.984634369230772,105.85605304615385,"[(20.9837566, 105.8542742), (20.9837436, 105.8545923), (20.9837732, 105.8571683), (20.9839061, 105.8572158), (20.984151, 105.8572196), (20.9845254, 105.8572331), (20.9845569, 105.8578429), (20.9855947, 105.8577824), (20.985757, 105.8576086), (20.9864848, 105.8547506), (20.9863344, 105.854552), (20.9839065, 105.8541756), (20.9837566, 105.8542742)]"
Hồ Văn,178995315,21.026684042307693,105.83523983076921,"[(21.0273056, 105.8352332), (21.0271133, 105.8357261), (21.0269685, 105.8356622), (21.0268686, 105.835777), (21.0267396, 105.8358709), (21.026613, 105.8357692), (21.0265643, 105.8357992), (21.0265059, 105.8357627), (21.0264122, 105.8357314), (21.0263282, 105.8356479), (21.0262479, 105.8355514), (21.0261931, 105.8354145), (21.0261407, 105.8352984), (21.0261736, 105.8351458), (21.0262357, 105.8348915), (21.0262929, 105.8347285), (21.0263854, 105.8346477), (21.0265777, 105.8345786), (21.0266873, 105.834572), (21.0268139, 105.8346073), (21.0269149, 105.8346764), (21.026994, 105.8347976), (21.0270902, 105.834932), (21.0271425, 105.8350272), (21.0271705, 105.8351537), (21.0273056, 105.8352332)]"
Công viên Cầu Giấy,181575389,21.028310375510202,105.79080706734695,"[(21.0293969, 105.7914545), (21.0294808, 105.7916462), (21.0292191, 105.7925141), (21.0291498, 105.7927438), (21.0290035, 105.7928223), (21.0288313, 105.7927495), (21.0280301, 105.7923904), (21.0279786, 105.7922368), (21.0279568, 105.7922307), (21.0278818, 105.7921967), (21.0277939, 105.7921592), (21.0276839, 105.7921139), (21.0274713, 105.7921626), (21.026873, 105.791921), (21.0266473, 105.7917412), (21.0264139, 105.7914841), (21.0261963, 105.79121), (21.0262297, 105.7910233), (21.0269946, 105.7902052), (21.0271029, 105.7902101), (21.0271394, 105.7902118), (21.0271893, 105.7901545), (21.027234, 105.7901032), (21.0272902, 105.7900322), (21.0272914, 105.7899867), (21.0272948, 105.7898439), (21.027481, 105.789652), (21.0278081, 105.7894163), (21.0281722, 105.7892828), (21.0283136, 105.7892852), (21.0283796, 105.7892987), (21.028451, 105.7894036), (21.0285186, 105.7894214), (21.0286243, 105.7894491), (21.0287136, 105.7894725), (21.0287745, 105.7894884), (21.0288871, 105.7894065), (21.0297575, 105.7895991), (21.0298695, 105.7898014), (21.0297893, 105.7902671), (21.0297664, 105.7903873), (21.0297092, 105.7907328), (21.0295543, 105.7908149), (21.0295371, 105.790892), (21.0295125, 105.7909874), (21.0294999, 105.791049), (21.0294748, 105.7911571), (21.0294428, 105.7912793), (21.0293969, 105.7914545)]"
Công viên Lê-nin,185540946,21.03176421153846,105.83940629615384,"[(21.0326238, 105.8391176), (21.0319102, 105.8398036), (21.03133, 105.8403614), (21.0313002, 105.8403792), (21.0312607, 105.8403837), (21.0309687, 105.8403411), (21.0309567, 105.8403393), (21.0309381, 105.8403277), (21.0309241, 105.8403128), (21.0309179, 105.8402916), (21.0311863, 105.8388498), (21.0311955, 105.8388094), (21.0312059, 105.8387916), (21.031228, 105.8387839), (21.0312494, 105.8387837), (21.0312647, 105.838784), (21.0317509, 105.8388485), (21.0325841, 105.8389592), (21.032611, 105.8389739), (21.0326272, 105.8389871), (21.0326382, 105.8390065), (21.0326433, 105.8390197), (21.0326451, 105.8390398), (21.0326469, 105.8390598), (21.0326388, 105.8390912), (21.0326238, 105.8391176)]"
Công viên Hòa Bình,208188482,21.065209452941176,105.7867164,"[(21.0643737, 105.7847858), (21.0642701, 105.78489), (21.0641385, 105.7849941), (21.0628558, 105.7858127), (21.0628312, 105.7877419), (21.0628247, 105.7878782), (21.0627816, 105.7895028), (21.0630382, 105.7897831), (21.0649569, 105.7898118), (21.0650839, 105.7897851), (21.0680359, 105.7860323), (21.0679559, 105.7858754), (21.0679478, 105.7858608), (21.0678101, 105.7856126), (21.0677214, 105.7855471), (21.0675613, 105.7854793), (21.0643737, 105.7847858)]"
Công viên Nghĩa Đô,208197731,21.04105087,105.79649520333334,"[(21.0396186, 105.7974113), (21.039055, 105.7969135), (21.0390079, 105.7961152), (21.03927, 105.7956049), (21.0392637, 105.7947553), (21.0394319, 105.794752), (21.0402977, 105.79461), (21.0415467, 105.7945816), (21.0415513, 105.7947226), (21.0418688, 105.7952399), (21.042026, 105.7953741), (21.0427477, 105.7965787), (21.0427096, 105.7966251), (21.0426289, 105.7966264), (21.0423256, 105.7966313), (21.0423275, 105.7964424), (21.0419026, 105.7964375), (21.0418954, 105.7971595), (21.0423202, 105.7971644), (21.042319, 105.797387), (21.0421764, 105.7973878), (21.0421063, 105.7973882), (21.0409051, 105.7973958), (21.0406677, 105.7973973), (21.0406134, 105.7973354), (21.0405277, 105.7973365), (21.0404319, 105.7973377), (21.0401988, 105.7973393), (21.0401661, 105.7973941), (21.0396186, 105.7974113)]"
Công viên Bắc Linh Đàm,217341345,20.967163396153847,105.82774067692307,"[(20.9682294, 105.8295654), (20.9686274, 105.8288407), (20.968631, 105.8284209), (20.9682873, 105.8278839), (20.9678519, 105.8272459), (20.9673631, 105.8267306), (20.9670498, 105.8264346), (20.966946, 105.8263621), (20.9665739, 105.8262525), (20.9650299, 105.8258802), (20.9649448, 105.82593), (20.9649535, 105.8261671), (20.9650784, 105.8265517), (20.9655187, 105.8266337), (20.9659625, 105.8267603), (20.9665592, 105.8269968), (20.9669204, 105.8272585), (20.9672964, 105.827621), (20.9678473, 105.8284797), (20.9679865, 105.8287511), (20.9680331, 105.8288881), (20.9680169, 105.829018), (20.9681283, 105.8293818), (20.9680798, 105.8297955), (20.9681034, 105.8298421), (20.9682294, 105.8295654)]"
Vườn hoa Hàng Trống,218414273,21.02730482222222,105.84955623333333,"[(21.0275441, 105.8490174), (21.0277568, 105.8499374), (21.0271785, 105.8501549), (21.0270959, 105.8500849), (21.0271084, 105.8497979), (21.0271485, 105.8494787), (21.0272111, 105.8494117), (21.027156, 105.8491058), (21.0275441, 105.8490174)]"
Pomelo Park,316013412,21.07672406,105.79930242,"[(21.0768525, 105.7992558), (21.0767591, 105.7994808), (21.0765314, 105.7993724), (21.0766248, 105.7991473), (21.0768525, 105.7992558)]"
Pineapple Park,316013428,21.0777915,105.79657029999998,"[(21.0779028, 105.7965251), (21.0777112, 105.7964324), (21.0776245, 105.7966381), (21.0778162, 105.7967308), (21.0779028, 105.7965251)]"
Vườn hoa Bác Cổ,316518839,21.025296288,105.859409108,"[(21.0255298, 105.8593148), (21.0255138, 105.8592967), (21.0254951, 105.8592839), (21.0254732, 105.8592769), (21.025448, 105.8592803), (21.0254223, 105.8592904), (21.0253799, 105.8593132), (21.0253534, 105.8593195), (21.025312, 105.8593202), (21.0250816, 105.8593002), (21.0250573, 105.8593102), (21.025038, 105.8593255), (21.0250182, 105.8593491), (21.0250083, 105.8593801), (21.0250105, 105.859421), (21.0250658, 105.8597056), (21.0250843, 105.8597313), (21.0251148, 105.8597455), (21.0251423, 105.8597395), (21.0251771, 105.8597121), (21.0255293, 105.8594107), (21.02554, 105.8593886), (21.0255436, 105.8593627), (21.0255388, 105.8593349), (21.0255298, 105.8593148)]"
Vườn hoa Thạch Bàn,384671191,21.028586703448276,105.91102837586207,"[(21.029656, 105.9129167), (21.0297664, 105.9128447), (21.0299926, 105.9123888), (21.030398, 105.9113892), (21.0299993, 105.9110392), (21.0292957, 105.9105995), (21.0291249, 105.9104236), (21.0288284, 105.9100001), (21.0287664, 105.9099103), (21.0287061, 105.9098924), (21.0286324, 105.9098942), (21.0285, 105.9099283), (21.0281767, 105.9100611), (21.0280544, 105.9101383), (21.0278249, 105.9102944), (21.0274899, 105.9104272), (21.027443, 105.9104541), (21.0274229, 105.9104972), (21.0273843, 105.9108256), (21.0274245, 105.9111648), (21.0274564, 105.9112564), (21.0275251, 105.9113102), (21.0280276, 105.9115955), (21.0280929, 105.9115955), (21.0284112, 105.9117696), (21.0289272, 105.9110069), (21.0292538, 105.9112725), (21.0287774, 105.9120099), (21.029656, 105.9129167)]"
Công viên Trung Tâm,384671209,21.037626976190477,105.90540899047619,"[(21.0380333, 105.9056446), (21.0374939, 105.906795), (21.0374437, 105.9068363), (21.0364356, 105.9062807), (21.0371175, 105.9048637), (21.0372664, 105.9047787), (21.0374223, 105.9047428), (21.037501, 105.9047338), (21.0375245, 105.9047392), (21.0375312, 105.9048092), (21.0375563, 105.9049797), (21.0375848, 105.9051197), (21.0376283, 105.9052148), (21.0377071, 105.9053512), (21.0378377, 105.905432), (21.0379399, 105.9054517), (21.0379952, 105.9054948), (21.0380287, 105.9055271), (21.0380404, 105.9055468), (21.0380454, 105.9056024), (21.0380333, 105.9056446)]"
An Duong Tennis Courts,479019015,21.054992116666668,105.84025266666667,"[(21.0549971, 105.8399381), (21.0545943, 105.8401991), (21.0548921, 105.8407295), (21.055303, 105.8404895), (21.0551691, 105.8402217), (21.0549971, 105.8399381)]"
Viglacera Community Park,479832644,21.01752867826087,105.95103578260868,"[(21.0190107, 105.9523291), (21.0188586, 105.9524944), (21.0187017, 105.9526217), (21.0184619, 105.9527035), (21.0181335, 105.9527349), (21.0178768, 105.9526782), (21.0158493, 105.9510117), (21.0156709, 105.9507489), (21.0155765, 105.9503818), (21.0155956, 105.9500747), (21.015706, 105.9497138), (21.0158826, 105.9494875), (21.0160655, 105.9493316), (21.0163372, 105.9492223), (21.0166203, 105.9492171), (21.0169327, 105.949285), (21.0171782, 105.9494193), (21.0190007, 105.9510089), (21.0191696, 105.9513041), (21.0192214, 105.951666), (21.0191895, 105.9518952), (21.0191097, 105.9521642), (21.0190107, 105.9523291)]"
Công viên Thanh Xuân,497037748,21.00259107777778,105.79669131111112,"[(21.0001013, 105.7968461), (21.0029537, 105.7945154), (21.0031254, 105.7945096), (21.0036559, 105.795232), (21.0042079, 105.7960006), (21.0053217, 105.7976083), (21.0023761, 105.799975), (21.0014764, 105.7986887), (21.0001013, 105.7968461)]"
Giếng Trọng Thủy,497328755,21.111631477777777,105.87115048888887,"[(21.112014, 105.8713254), (21.1120741, 105.8711967), (21.1120741, 105.8709767), (21.1120541, 105.8708104), (21.111964, 105.8707327), (21.1118239, 105.8706495), (21.1116662, 105.8705798), (21.1115061, 105.8706388), (21.1112784, 105.8708024), (21.1111007, 105.8710036), (21.1109982, 105.871194), (21.1109781, 105.8713737), (21.1109931, 105.8715132), (21.1110257, 105.8715937), (21.1118389, 105.8717626), (21.111989, 105.8717036), (21.111974, 105.8715266), (21.112014, 105.8713254)]"
Phim trường Smiley Ville,500736455,21.095187314285713,105.87407961428572,"[(21.0948907, 105.873249), (21.0939414, 105.8766558), (21.0950347, 105.8769283), (21.0963061, 105.8726313), (21.0957806, 105.8724223), (21.095467, 105.8734216), (21.0948907, 105.873249)]"
Công viên Ngoại giao Đoàn,523643145,21.064965666666673,105.79610391333334,"[(21.065978, 105.7973148), (21.0659764, 105.7954609), (21.06544, 105.7939979), (21.0653133, 105.7939131), (21.064025, 105.7939064), (21.0639322, 105.7940242), (21.0639319, 105.7952679), (21.0641858, 105.7960302), (21.0641915, 105.7973308), (21.0642892, 105.7973997), (21.0648624, 105.7973996), (21.0651345, 105.7973995), (21.0653624, 105.7973995), (21.0658844, 105.7973994), (21.065978, 105.7973148)]"
Vườn hoa Nguyễn Trãi,542382168,20.97272198,105.78158318666668,"[(20.9711734, 105.7823912), (20.971699, 105.7828102), (20.9718196, 105.7828365), (20.9719884, 105.7827257), (20.9737233, 105.7812804), (20.9742634, 105.7807746), (20.9742677, 105.7807334), (20.9742727, 105.7806589), (20.9741451, 105.7805905), (20.9735021, 105.780816), (20.9728392, 105.7810869), (20.9724206, 105.781255), (20.9719497, 105.7815352), (20.9715921, 105.7818621), (20.9711734, 105.7823912)]"
Vườn hoa Hà Đông,542382170,20.973155083333335,105.77947226666667,"[(20.9731248, 105.7790847), (20.9729831, 105.7791684), (20.9726925, 105.7793608), (20.9732836, 105.7802222), (20.9737217, 105.7799128), (20.9731248, 105.7790847)]"
Công Viên A Khu Chung Cư Vân Canh,548066437,21.04115715,105.73281586666667,"[(21.0414689, 105.7322591), (21.041471, 105.7333921), (21.0412792, 105.7333756), (21.0406272, 105.7333569), (21.0406277, 105.7322524), (21.0414689, 105.7322591)]"
Công Viên B Khu Chung Cư Vân Canh,548066438,21.037793299999997,105.73249953999998,"[(21.03808, 105.7322884), (21.0380786, 105.7328206), (21.0373639, 105.7328153), (21.037364, 105.732285), (21.03808, 105.7322884)]"
Làng Văn Hóa Công Viên Yên Sở,548076504,20.955680799999996,105.85432570909092,"[(20.9550896, 105.8536646), (20.9554135, 105.8537849), (20.9555193, 105.853838), (20.955863, 105.854245), (20.9559655, 105.8543437), (20.956025, 105.8544255), (20.9561675, 105.8549), (20.9563038, 105.8553978), (20.9559952, 105.8555439), (20.9550568, 105.8537748), (20.9550896, 105.8536646)]"
Vườn Tre,548076505,20.964756892307687,105.85041355384615,"[(20.9644265, 105.8503692), (20.9648844, 105.8508035), (20.9649432, 105.8507475), (20.9650021, 105.850598), (20.964989, 105.8504252), (20.9649389, 105.8504392), (20.9648887, 105.8503622), (20.9647993, 105.8502945), (20.9647121, 105.8502735), (20.9647165, 105.8501987), (20.9646053, 105.8502244), (20.9645071, 105.8502711), (20.9644265, 105.8503692)]"
1,548079302,21.034745983333334,105.73967750000001,"[(21.0349038, 105.7396082), (21.0346239, 105.73955), (21.0346031, 105.7396647), (21.0345807, 105.7397878), (21.0348606, 105.7398461), (21.0349038, 105.7396082)]"
Công viên Mai Dịch,548084110,21.03845796428572,105.76923610714286,"[(21.0392899, 105.7681217), (21.0392607, 105.768037), (21.03923, 105.7679478), (21.0392049, 105.767875), (21.0391832, 105.7678119), (21.0391546, 105.7677287), (21.0379827, 105.7673411), (21.0370245, 105.7703397), (21.037007, 105.7703946), (21.0378935, 105.7707229), (21.0376281, 105.7715357), (21.0379914, 105.7717133), (21.0382711, 105.7716144), (21.0392899, 105.7681217)]"
Đài tưởng niệm Liệt sĩ Vân Canh,548086177,21.036394460000004,105.72966284000002,"[(21.0363327, 105.7294518), (21.0361736, 105.7297929), (21.0364761, 105.7299737), (21.0366572, 105.729644), (21.0363327, 105.7294518)]"
Công Viên C Khu Chung Cư Vân Canh,548258526,21.036898325,105.73639396249999,"[(21.0366039, 105.7374809), (21.0368757, 105.7371215), (21.0370085, 105.7367922), (21.0370806, 105.7364344), (21.0371451, 105.7360685), (21.0370163, 105.7349369), (21.0368526, 105.7348364), (21.0366039, 105.7374809)]"
Công viên Nam An Khánh,550543433,20.99900408225807,105.71330477903226,"[(20.9970169, 105.7140531), (20.9972872, 105.713969), (20.9977494, 105.7142679), (20.9979761, 105.7143333), (20.9981854, 105.7142959), (20.9983467, 105.7142118), (20.9984426, 105.7141091), (20.9985211, 105.7141651), (20.9986257, 105.7141978), (20.9987391, 105.7141465), (20.9988263, 105.7140204), (20.9988001, 105.7138476), (20.9986955, 105.7137308), (20.9986475, 105.7136888), (20.9985996, 105.7136421), (20.9986083, 105.7135767), (20.9985647, 105.7133993), (20.9984775, 105.7132498), (20.9984034, 105.7131751), (20.9985124, 105.7130303), (20.9986388, 105.7130864), (20.9987783, 105.7131004), (20.9989309, 105.7130724), (20.9990355, 105.7129883), (20.9990791, 105.7129323), (20.9992361, 105.7130257), (20.9991751, 105.713105), (20.9991576, 105.7133152), (20.9991707, 105.7134927), (20.9991838, 105.713544), (20.9991227, 105.7136094), (20.9990399, 105.7137308), (20.9990268, 105.7139083), (20.9990966, 105.7140297), (20.9992056, 105.7140811), (20.9993538, 105.7140577), (20.9994236, 105.7139783), (20.9994672, 105.7139036), (20.9995631, 105.7139363), (20.999768, 105.713983), (20.999938, 105.7139597), (21.000156, 105.7138429), (21.00066, 105.713267), (21.0006792, 105.7132451), (21.0007533, 105.7130443), (21.0007708, 105.7129182), (21.0009626, 105.7129649), (21.0010541, 105.7132358), (21.0011719, 105.7131424), (21.0010018, 105.7126847), (21.000701, 105.7122131), (21.0002825, 105.7117788), (20.9997244, 105.7114238), (20.9991969, 105.7112651), (20.9987696, 105.7112184), (20.9982726, 105.7112931), (20.997854, 105.7115079), (20.9975706, 105.7117414), (20.9972436, 105.7121524), (20.9970387, 105.7126567), (20.9969559, 105.7132965), (20.9970169, 105.7140531)]"
Công viên Linh Đàm,556174775,20.965343944444445,105.83544499444444,"[(20.9654072, 105.8344299), (20.9657025, 105.8345356), (20.9660111, 105.8346755), (20.9660875, 105.8349475), (20.9660626, 105.8351843), (20.9658705, 105.8352157), (20.9657655, 105.8352829), (20.9657193, 105.8353764), (20.965779, 105.8354808), (20.9659034, 105.8356617), (20.9659912, 105.8357752), (20.9658407, 105.8370523), (20.9647984, 105.8376939), (20.9642953, 105.8369641), (20.9637367, 105.835999), (20.9633985, 105.8347493), (20.9644144, 105.8345559), (20.9654072, 105.8344299)]"
Công viên Nghĩa trang Mai Dịch,560585059,21.040967747368416,105.77094346842105,"[(21.0428814, 105.7694159), (21.0423107, 105.7689633), (21.0420456, 105.7687897), (21.0414304, 105.7685495), (21.0412563, 105.7686341), (21.0404239, 105.7715479), (21.0399252, 105.7713861), (21.0398772, 105.7713705), (21.0387929, 105.7710187), (21.0386485, 105.7716032), (21.0389013, 105.7721272), (21.0402885, 105.7726221), (21.040701, 105.7712975), (21.0415138, 105.7715881), (21.0411011, 105.7729127), (21.041458, 105.7730289), (21.0418301, 105.7719545), (21.0421199, 105.7717001), (21.0428814, 105.7694159)]"
Sân Cây Đề,569804205,21.017466799999998,105.77926415000002,"[(21.0175217, 105.7789103), (21.0176655, 105.779114), (21.0178655, 105.779408), (21.0177634, 105.7794425), (21.0176527, 105.7794496), (21.0175554, 105.7794408), (21.0174574, 105.7794231), (21.0173561, 105.7793886), (21.0172917, 105.7793507), (21.0172086, 105.7793059), (21.0171565, 105.7792483), (21.0172287, 105.7791815), (21.0172903, 105.7791245), (21.0175217, 105.7789103)]"
Công viên Yên Hòa,569804207,21.019908416666667,105.79815088333332,"[(21.0200836, 105.7974515), (21.0203428, 105.7979306), (21.0201691, 105.7987977), (21.019662, 105.7991263), (21.0191094, 105.7981477), (21.0200836, 105.7974515)]"
Vườn hoa hồ Giảng Võ,570596477,21.029138951851852,105.82023352592593,"[(21.0294262, 105.8191043), (21.0293868, 105.8191081), (21.0291436, 105.8187091), (21.0290524, 105.8187662), (21.0292108, 105.8190198), (21.0293105, 105.8192368), (21.0293948, 105.8194848), (21.0294462, 105.8197513), (21.0294644, 105.8199795), (21.0294715, 105.8201204), (21.0294497, 105.8202964), (21.0293952, 105.8205201), (21.0292699, 105.8207364), (21.0291487, 105.8209052), (21.029069, 105.8209808), (21.02884, 105.8211489), (21.0285639, 105.8212577), (21.0282107, 105.8213234), (21.0280702, 105.8213411), (21.0281117, 105.8214947), (21.0287853, 105.8213304), (21.0290936, 105.821141), (21.0293818, 105.8208543), (21.029537, 105.8206572), (21.0295646, 105.8201985), (21.029527, 105.8197345), (21.0294262, 105.8191043)]"
khu vui chơi giải trí công cộng,589969496,21.00386042666667,105.93513430666668,"[(21.0037457, 105.9346577), (21.0036626, 105.9349869), (21.003661, 105.9349933), (21.0036569, 105.9350098), (21.0036491, 105.9350376), (21.0036466, 105.9350464), (21.0036352, 105.9350931), (21.0035913, 105.9353018), (21.0035724, 105.9353502), (21.0034823, 105.935649), (21.0043896, 105.9358029), (21.0044398, 105.9354878), (21.0044815, 105.9351976), (21.0045467, 105.9347428), (21.0037457, 105.9346577)]"
khu vui chơi giải trí công cộng,590074862,21.004170660000003,105.93412547999999,"[(21.0045467, 105.9347428), (21.0046263, 105.9341877), (21.0046727, 105.9338643), (21.004643, 105.9338594), (21.0043823, 105.9338166), (21.004027, 105.9337584), (21.0040105, 105.9337557), (21.0039815, 105.9337706), (21.0039644, 105.933802), (21.0039129, 105.9339905), (21.0039016, 105.9340354), (21.0038446, 105.9342623), (21.003754, 105.934636), (21.0037457, 105.9346577), (21.0045467, 105.9347428)]"
Vườn hoa Thanh Xuân Bắc,591023030,20.99132,105.7996799,"[(20.9913425, 105.7992448), (20.9917197, 105.7997819), (20.9913273, 105.8000924), (20.9912815, 105.8001321), (20.9909065, 105.7995834), (20.9913425, 105.7992448)]"
Vườn hoa Tây Sơn,642231203,21.02662875,105.850316725,"[(21.0268957, 105.8502983), (21.02642, 105.8501454), (21.0263036, 105.8505249), (21.0268957, 105.8502983)]"
Khu vui chơi trẻ em,650430490,20.971733328571425,105.8772595857143,"[(20.9719709, 105.8765216), (20.971893, 105.877724), (20.9719532, 105.8779706), (20.9716321, 105.8778712), (20.9712414, 105.8777585), (20.9714718, 105.8764496), (20.9719709, 105.8765216)]"
Công viên nội bộ,650430536,20.97232946,105.87870977999998,"[(20.9723491, 105.8783589), (20.9725159, 105.8785854), (20.9724236, 105.8792871), (20.9720096, 105.8789586), (20.9723491, 105.8783589)]"
Công viên,650430788,20.973618277777778,105.87888612222223,"[(20.9744155, 105.8781796), (20.9742603, 105.8794026), (20.97413, 105.8798533), (20.9728353, 105.879673), (20.9727175, 105.8795368), (20.9728427, 105.878598), (20.9730331, 105.8783405), (20.9739146, 105.8782117), (20.9744155, 105.8781796)]"
Công viên Xuân Dục,661138331,21.092246879999998,105.90607152,"[(21.0920395, 105.9059351), (21.09218, 105.9064058), (21.092558, 105.9062761), (21.0924174, 105.9058055), (21.0920395, 105.9059351)]"
Công viên Hồ Mễ Trì,661165879,20.997361312499997,105.791116675,"[(20.9974043, 105.7936318), (20.9987987, 105.7923364), (20.9994601, 105.7911485), (20.9977985, 105.7885145), (20.9972116, 105.7889654), (20.9955564, 105.7902373), (20.9952566, 105.7904677), (20.9974043, 105.7936318)]"
Núi chùa,675949349,20.948088233333333,105.87050096666667,"[(20.9478316, 105.8705209), (20.9480312, 105.8706422), (20.9479985, 105.870824), (20.9478436, 105.8710823), (20.9479991, 105.871173), (20.9482159, 105.8712992), (20.9485777, 105.8707684), (20.9491811, 105.869883), (20.9479299, 105.8691589), (20.9476172, 105.8699687), (20.9480014, 105.8701701), (20.9478316, 105.8705209)]"
Công viên OCT1,699218421,21.065463616666662,105.78233369166666,"[(21.0657078, 105.7823767), (21.0655376, 105.782036), (21.0655076, 105.782028), (21.0654488, 105.7820374), (21.0651509, 105.7821916), (21.0651334, 105.7822318), (21.0652936, 105.7826073), (21.0653261, 105.7826194), (21.0653655, 105.7826201), (21.0656828, 105.7824544), (21.0657015, 105.7824249), (21.0657078, 105.7823767)]"
nhà văn hóa tổ 16,701544807,21.05618262,105.86936224000002,"[(21.0562412, 105.869337), (21.0563388, 105.8692244), (21.0560034, 105.8692968), (21.0560885, 105.869616), (21.0562412, 105.869337)]"
Vườn Giám,702241252,21.02884372142857,105.83543411428572,"[(21.0275444, 105.8351411), (21.0275348, 105.8351368), (21.027715, 105.8346882), (21.0277175, 105.8346818), (21.0277749, 105.8345854), (21.0278471, 105.8345282), (21.0278913, 105.8345133), (21.0279516, 105.8345158), (21.0280332, 105.8345455), (21.0297524, 105.8357249), (21.0299586, 105.8358707), (21.0302618, 105.8360829), (21.0302821, 105.8361426), (21.0299507, 105.8359954), (21.0299363, 105.8360343), (21.0296972, 105.835933), (21.0296769, 105.8359249), (21.0296795, 105.8359176), (21.0296555, 105.8359078), (21.0296521, 105.8359172), (21.0296389, 105.8359126), (21.0293762, 105.8358066), (21.02911, 105.8356932), (21.0287246, 105.835529), (21.0286972, 105.835609), (21.0282853, 105.8354511), (21.0277347, 105.8352252), (21.0275444, 105.8351411)]"
Công viên Yên Sở,702651470,20.961350797619048,105.8556463904762,"[(20.9550568, 105.8537748), (20.9559952, 105.8555439), (20.9575148, 105.8586048), (20.9582512, 105.8585189), (20.9586161, 105.8616516), (20.9596514, 105.8616612), (20.9602925, 105.8616612), (20.9610382, 105.8616566), (20.9610251, 105.8614558), (20.9615179, 105.8614464), (20.9618101, 105.8614371), (20.9623247, 105.8613764), (20.9628393, 105.8614137), (20.9634236, 105.8614371), (20.9636591, 105.8614324), (20.9639905, 105.859457), (20.9640254, 105.8593122), (20.964117, 105.8585043), (20.964274, 105.8578365), (20.9643307, 105.8573555), (20.9644624, 105.8568035), (20.9647294, 105.8551617), (20.9648981, 105.8540625), (20.9649777, 105.8535327), (20.965096, 105.8527458), (20.9652969, 105.8514101), (20.9654399, 105.8504589), (20.9654398, 105.8504466), (20.965434, 105.8499018), (20.9653997, 105.8497492), (20.9640646, 105.8497681), (20.9622201, 105.8497943), (20.9612651, 105.8498232), (20.9606643, 105.8500281), (20.9596539, 105.850392), (20.9589123, 105.8508131), (20.957975, 105.8513454), (20.9567155, 105.8520104), (20.9551808, 105.8529234), (20.955082, 105.8529259), (20.9550156, 105.8537395), (20.9550568, 105.8537748)]"
Vườn hoa Quán Sứ,704134606,21.02622697857143,105.84538764285716,"[(21.026323, 105.8455011), (21.026303, 105.8455158), (21.0262767, 105.8455205), (21.0262517, 105.8455198), (21.0262231, 105.8455103), (21.0260049, 105.8454452), (21.0259844, 105.8454235), (21.025985, 105.8453875), (21.0260019, 105.8453545), (21.0263383, 105.8451659), (21.0263727, 105.8451693), (21.0263927, 105.8451903), (21.0263973, 105.8452222), (21.026323, 105.8455011)]"
Vườn hoa Cổ Tân,704147262,21.024986730000002,105.857795165,"[(21.0253329, 105.8579785), (21.0248319, 105.8575277), (21.0248001, 105.8574996), (21.0247616, 105.857484), (21.0247204, 105.8574825), (21.024681, 105.8574954), (21.0246475, 105.8575212), (21.0246236, 105.8575572), (21.0246118, 105.8575995), (21.0246134, 105.8576436), (21.0246244, 105.8576874), (21.0247674, 105.858221), (21.0253107, 105.8580612), (21.025325, 105.858057), (21.0253405, 105.8580515), (21.025352, 105.8580391), (21.0253572, 105.8580225), (21.0253548, 105.8580051), (21.0253455, 105.8579908), (21.0253329, 105.8579785)]"
Vườn hoa Lý Thái Tổ,704153590,21.02749301578947,105.85477693157895,"[(21.0276901, 105.8549105), (21.0275702, 105.8557949), (21.0275677, 105.8558111), (21.0275602, 105.8558247), (21.0275493, 105.855835), (21.0275341, 105.8558364), (21.0270765, 105.8557881), (21.027066, 105.855778), (21.0270613, 105.8557656), (21.0271905, 105.8548376), (21.0273474, 105.8536924), (21.0273565, 105.8536724), (21.0273728, 105.8536596), (21.0273956, 105.8536596), (21.0278182, 105.8537246), (21.0278347, 105.8537377), (21.0278428, 105.8537525), (21.0278433, 105.8537705), (21.0276901, 105.8549105)]"
Vườn hoa Ngọc Lâm,704159177,21.04877477333333,105.87601246000001,"[(21.0481899, 105.8752616), (21.0482625, 105.8753179), (21.0483363, 105.8753595), (21.0483764, 105.8753997), (21.0484164, 105.875448), (21.0484365, 105.8755083), (21.0484477, 105.8755861), (21.0484415, 105.8756773), (21.0487556, 105.8762151), (21.0489146, 105.8765692), (21.0489384, 105.8766684), (21.0490322, 105.876836), (21.0491136, 105.8770144), (21.0492713, 105.8773564), (21.0493163, 105.8774006), (21.0493339, 105.8774382), (21.0494715, 105.8775723), (21.0497269, 105.8774355), (21.0497594, 105.8773765), (21.0497469, 105.8773175), (21.0492488, 105.8763117), (21.0489033, 105.8756961), (21.0485666, 105.8750604), (21.0484315, 105.874874), (21.0483901, 105.8748418), (21.0483539, 105.8748311), (21.0483138, 105.8748431), (21.0482913, 105.8748981), (21.0482662, 105.8749974), (21.0481899, 105.8752616)]"
Công viên Bồ Đề Xanh,704250698,21.039661546153848,105.87775154615385,"[(21.0403336, 105.8776261), (21.0398301, 105.8770957), (21.0396883, 105.8770973), (21.0392203, 105.87759), (21.0391638, 105.8776495), (21.0391776, 105.8777789), (21.0393095, 105.8779193), (21.0393561, 105.8779689), (21.0393878, 105.8780027), (21.0396835, 105.8783175), (21.0397929, 105.8783325), (21.040323, 105.8777656), (21.0403336, 105.8776261)]"
Công viên Gia Thuỵ,704252312,21.048535966666666,105.88531773333334,"[(21.0488991, 105.8852698), (21.0487143, 105.8849645), (21.0482099, 105.8853064), (21.0481774, 105.8854339), (21.048316, 105.885662), (21.0488991, 105.8852698)]"
Vườn hoa Gia Quất,704292580,21.053099222222222,105.87893167777777,"[(21.0533127, 105.8784547), (21.0527494, 105.8787964), (21.0528021, 105.8788879), (21.0530273, 105.8793198), (21.0531162, 105.8792634), (21.0530736, 105.8791146), (21.0531713, 105.8790582), (21.0533277, 105.8790354), (21.0533127, 105.8784547)]"
Vườn hoa Trần Quang Diệu,750651737,21.01415045882353,105.82464777058823,"[(21.0140508, 105.8239701), (21.0142219, 105.8241776), (21.0143674, 105.8243162), (21.0142623, 105.8245233), (21.0142066, 105.8246319), (21.0145482, 105.8248703), (21.0146704, 105.8249448), (21.0145524, 105.8251467), (21.0144222, 105.8253872), (21.014277, 105.8252907), (21.0140166, 105.8251727), (21.0138739, 105.825052), (21.0137304, 105.8248489), (21.0136334, 105.8243647), (21.0136591, 105.8243404), (21.0140144, 105.8240045), (21.0140508, 105.8239701)]"
Công viên KĐT Định Công,755359595,20.987075588888885,105.83138311111111,"[(20.987247, 105.8309456), (20.9870366, 105.8306935), (20.986055, 105.8315625), (20.9867411, 105.8324208), (20.9874323, 105.8317342), (20.9873372, 105.8316269), (20.9874523, 105.8314767), (20.9871318, 105.8310422), (20.987247, 105.8309456)]"
Công viên Hoàng Văn Thụ,769918656,20.98634405,105.85094623333333,"[(20.986094, 105.8510222), (20.986128, 105.850608), (20.9868075, 105.8508319), (20.9867334, 105.85114), (20.9862074, 105.8510531), (20.986094, 105.8510222)]"
Công viên Bán đảo Linh Đàm,770272739,20.96375815,105.82851793571429,"[(20.9622715, 105.8283917), (20.9624919, 105.8297894), (20.9653071, 105.8293317), (20.9651938, 105.8283461), (20.9642363, 105.8285384), (20.9642227, 105.8284714), (20.9641626, 105.8283565), (20.9640589, 105.8282649), (20.9639059, 105.8282444), (20.9638102, 105.8282956), (20.9636476, 105.8283469), (20.9635806, 105.8283059), (20.9634535, 105.8281765), (20.9622715, 105.8283917)]"
Văn Quán Lake Park,770299541,20.976971911764707,105.79143401470589,"[(20.9764411, 105.7908302), (20.9747602, 105.7919596), (20.9751503, 105.7925774), (20.9752766, 105.7926775), (20.9755183, 105.7927893), (20.9757106, 105.7928422), (20.9758299, 105.7928447), (20.9759908, 105.7928246), (20.9761172, 105.792754), (20.976282, 105.7927716), (20.9764029, 105.7927422), (20.9766721, 105.792548), (20.9768479, 105.7923303), (20.9770072, 105.7922185), (20.9772489, 105.7920126), (20.9777094, 105.7915515), (20.9778999, 105.791585), (20.9791114, 105.7906946), (20.9792013, 105.7904809), (20.9791786, 105.7902902), (20.9791325, 105.7901828), (20.9787334, 105.7895784), (20.9784076, 105.7897571), (20.9780207, 105.7899647), (20.9777534, 105.7901428), (20.9771844, 105.7905666), (20.9770899, 105.7906528), (20.9767914, 105.7908739), (20.9767489, 105.7910219), (20.9767041, 105.7909697), (20.9766236, 105.7909649), (20.9765515, 105.7910015), (20.9765059, 105.7909243), (20.9764411, 105.7908302)]"
Vườn hoa Việt Kiều,770299542,20.984239421052628,105.7851207263158,"[(20.9844659, 105.784445), (20.9844349, 105.7844808), (20.9844235, 105.784558), (20.9844425, 105.784806), (20.9844463, 105.7849971), (20.9844121, 105.7851516), (20.9843286, 105.7853183), (20.9842148, 105.7854606), (20.9841047, 105.7855663), (20.9833659, 105.7858527), (20.9833417, 105.7859322), (20.9833569, 105.7859769), (20.9839452, 105.7864281), (20.9845102, 105.7852906), (20.9846057, 105.784806), (20.9846133, 105.7847084), (20.984583, 105.7845967), (20.9844879, 105.7844735), (20.9844659, 105.784445)]"
Vườn Trung Văn,770299543,20.99157831428571,105.78902822857144,"[(20.9918314, 105.7884381), (20.9924121, 105.789428), (20.9915979, 105.789953), (20.991087, 105.7890704), (20.99112, 105.7889939), (20.9911684, 105.7888761), (20.9918314, 105.7884381)]"
Vườn hoa Biệt thự Quốc Hội,770299544,20.993494014285712,105.79401307142858,"[(20.9936216, 105.7937861), (20.9935648, 105.7937625), (20.993508, 105.7937523), (20.9934701, 105.7937625), (20.9933219, 105.7938875), (20.9931704, 105.7941342), (20.993161, 105.7941849), (20.9932003, 105.7942116), (20.9933456, 105.7942536), (20.9935063, 105.7943451), (20.9938123, 105.7941598), (20.993814, 105.7941105), (20.9937983, 105.7940463), (20.9936216, 105.7937861)]"
Vườn hoa Trung Hòa - Nhân Chính,770299545,21.00489559,105.80188405999999,"[(21.0045765, 105.8019505), (21.0046092, 105.8019971), (21.0048115, 105.802285), (21.0048556, 105.8023482), (21.0054339, 105.8018979), (21.0051788, 105.8015214), (21.0051526, 105.8014828), (21.0051062, 105.8015205), (21.0046551, 105.8018867), (21.0045765, 105.8019505)]"
Công viên Trung Yên,770299546,21.0152867,105.7993348125,"[(21.0153138, 105.798618), (21.0148207, 105.7993527), (21.0149007, 105.7994338), (21.0150097, 105.7995488), (21.0152671, 105.7998306), (21.0154427, 105.8000229), (21.0162251, 105.7992537), (21.0153138, 105.798618)]"
Vườn hoa Yên Hòa,770299547,21.02039089090909,105.79573861818182,"[(21.020475, 105.7953089), (21.0205661, 105.7954024), (21.0206382, 105.7955732), (21.0207103, 105.7957317), (21.0206837, 105.7957968), (21.0206428, 105.7958685), (21.0201562, 105.7961505), (21.0200879, 105.7961505), (21.0200158, 105.7961017), (21.0198488, 105.7957317), (21.020475, 105.7953089)]"
Vườn Keangnam,770299548,21.017415908333334,105.78453774166667,"[(21.0184058, 105.7846726), (21.0177372, 105.7837302), (21.0174919, 105.7840249), (21.017244, 105.7842904), (21.0171191, 105.7844297), (21.0170255, 105.7845214), (21.016963, 105.7846004), (21.0168781, 105.7846895), (21.0167879, 105.7847816), (21.0169793, 105.7850641), (21.0179533, 105.7849755), (21.0184058, 105.7846726)]"
Vườn hoa Cửa Nam,770299549,21.028128063636363,105.84327540909091,"[(21.0281973, 105.843196), (21.0282511, 105.8432556), (21.0282416, 105.8433705), (21.0282038, 105.8434718), (21.0281376, 105.8434718), (21.0280507, 105.8433999), (21.0280074, 105.8432979), (21.0279843, 105.8431701), (21.028024, 105.8430933), (21.0281136, 105.8431066), (21.0281973, 105.843196)]"
Công viên KĐT Vĩnh Hoàng,770299552,20.984438879166667,105.86806205833334,"[(20.9839931, 105.8665679), (20.9839151, 105.8666385), (20.9838733, 105.8667157), (20.9838695, 105.8672036), (20.9838771, 105.8674028), (20.9838695, 105.8676671), (20.9838316, 105.867972), (20.9838354, 105.8682972), (20.9838543, 105.8684558), (20.9838316, 105.8686265), (20.9838278, 105.8688867), (20.9838961, 105.869029), (20.9839872, 105.8690697), (20.9842643, 105.869029), (20.9845186, 105.8690737), (20.9847266, 105.8690912), (20.985198, 105.8691051), (20.9854829, 105.8688151), (20.985578, 105.8687183), (20.9856163, 105.8686646), (20.9856531, 105.8683267), (20.9854966, 105.8672838), (20.985544, 105.8662815), (20.9839931, 105.8665679)]"
Công viên Yên Sở,770299553,20.96824562884615,105.85856826538465,"[(20.9661422, 105.8497801), (20.9660907, 105.8498772), (20.966062, 105.850625), (20.9658993, 105.8517621), (20.9656124, 105.8535651), (20.9655071, 105.8540773), (20.9653445, 105.8552452), (20.9648279, 105.8581853), (20.9646653, 105.8593532), (20.9646653, 105.8595171), (20.9647801, 105.8595171), (20.9648279, 105.8596195), (20.9649045, 105.8598859), (20.9648662, 105.8600498), (20.9649619, 105.8602444), (20.9650288, 105.8604186), (20.9648949, 105.8604596), (20.9647992, 105.8605825), (20.964837, 105.860859), (20.9647915, 105.8610662), (20.9648825, 105.8623946), (20.9648471, 105.8632358), (20.9647418, 105.8634612), (20.9648279, 105.8635841), (20.9649332, 105.8639017), (20.9649427, 105.8641783), (20.9650862, 105.8644549), (20.9652775, 105.8644241), (20.9694575, 105.8633529), (20.969807, 105.863381), (20.9711854, 105.8648733), (20.972011, 105.8658014), (20.9723316, 105.8659559), (20.9729003, 105.8659429), (20.9743105, 105.8656635), (20.975292, 105.8654877), (20.9753228, 105.8639161), (20.9754806, 105.8595779), (20.9754565, 105.8590005), (20.9750214, 105.857692), (20.974185, 105.8552666), (20.9739494, 105.8549889), (20.9736356, 105.8547562), (20.9716709, 105.8543546), (20.9710062, 105.8542187), (20.9705635, 105.8538939), (20.9701638, 105.853356), (20.9693928, 105.8503706), (20.9691625, 105.8500929), (20.9687889, 105.849817), (20.9684877, 105.8496843), (20.9661422, 105.8497801)]"
Vườn hoa Bắc Long Biên,770299554,21.046527542307693,105.86565496538462,"[(21.0460265, 105.865346), (21.0461536, 105.8656866), (21.0461582, 105.8656988), (21.0462131, 105.8657724), (21.0462748, 105.8658384), (21.0463437, 105.8658921), (21.0464128, 105.8659385), (21.0464727, 105.8659643), (21.0465266, 105.8659765), (21.0465806, 105.865982), (21.0466305, 105.865983), (21.0466809, 105.8659783), (21.0467386, 105.8659564), (21.0468, 105.8659049), (21.0468541, 105.8658422), (21.0469026, 105.8657424), (21.0469125, 105.8656402), (21.0469001, 105.8655303), (21.0468702, 105.8654457), (21.0468217, 105.8653491), (21.0467542, 105.8652895), (21.0466725, 105.8652396), (21.0464883, 105.8652139), (21.0463041, 105.8652224), (21.0461967, 105.8652496), (21.0460265, 105.865346)]"
Công viên Bê Tông,770328953,20.87943293333333,105.5748132,"[(20.8792479, 105.5751159), (20.8794284, 105.5741133), (20.8797826, 105.5741772), (20.8796429, 105.5752116), (20.8792479, 105.5751453), (20.8792479, 105.5751159)]"
Công viên Văn Phú,770328955,20.956018504166664,105.76640489166665,"[(20.9570946, 105.765449), (20.9570464, 105.7653974), (20.9561493, 105.765279), (20.956014, 105.7652843), (20.955945, 105.7653428), (20.9551223, 105.7660407), (20.954987, 105.7662017), (20.9549488, 105.7664003), (20.9548517, 105.7669417), (20.9548127, 105.767241), (20.9548348, 105.7672902), (20.9548757, 105.7673371), (20.9550124, 105.7673569), (20.9552693, 105.7674129), (20.956269, 105.7675981), (20.9564859, 105.7674496), (20.9567354, 105.7671726), (20.9571036, 105.7667882), (20.9568415, 105.7664429), (20.9567149, 105.766217), (20.9566667, 105.7660557), (20.9567089, 105.7659008), (20.9568596, 105.7656685), (20.9570946, 105.765449)]"
Công viên Hà Cầu,770328956,20.959343215384617,105.77944413076922,"[(20.9606567, 105.7802808), (20.9585634, 105.7807291), (20.9581364, 105.7803018), (20.9583596, 105.7801035), (20.9580382, 105.7797736), (20.9579093, 105.7793561), (20.9579011, 105.7790829), (20.9593664, 105.7777747), (20.9597105, 105.7774675), (20.9606531, 105.7786819), (20.9607846, 105.7789394), (20.9607258, 105.7800016), (20.9606567, 105.7802808)]"
Công viên tổ 9 Mỗ Lao,770328958,20.97858252,105.78228738,"[(20.9786718, 105.7820167), (20.9784091, 105.7820682), (20.9784306, 105.7821095), (20.978429, 105.7821356), (20.9785018, 105.7824333), (20.9785598, 105.7824973), (20.9786405, 105.7825332), (20.9787242, 105.7825485), (20.9787866, 105.7825148), (20.9786718, 105.7820167)]"
Công viên Thiên Văn Học Dương Nội,770328959,20.98062813125,105.7574917125,"[(20.9786188, 105.7584289), (20.9785287, 105.758563), (20.9785237, 105.7586327), (20.9785373, 105.7587214), (20.9803736, 105.7601406), (20.9804772, 105.7601462), (20.9805342, 105.7601057), (20.9829114, 105.756677), (20.9829164, 105.7566265), (20.9828963, 105.7565674), (20.9828512, 105.7564977), (20.9811783, 105.7550708), (20.9811132, 105.755044), (20.9810331, 105.75506), (20.9809379, 105.7551566), (20.9786188, 105.7584289)]"
Công viên Âm nhạc Đô Nghĩa,770328960,20.96004808181818,105.73652903636365,"[(20.9615216, 105.7348006), (20.9614484, 105.7346803), (20.9585236, 105.7366261), (20.9584754, 105.73671), (20.9584469, 105.7368135), (20.9591564, 105.7379814), (20.9592109, 105.7380136), (20.9592974, 105.737984), (20.9606542, 105.7372464), (20.9622725, 105.7361629), (20.9615216, 105.7348006)]"
Vườn hoa Đại học Kinh tế Quốc dân,770336406,20.99949598,105.8443164,"[(20.9995397, 105.8439855), (20.9991023, 105.8444153), (20.9994242, 105.8448028), (20.999874, 105.8443929), (20.9995397, 105.8439855)]"
Vườn hoa Văn Quán,782864077,20.97549787142857,105.79051495714285,"[(20.9756272, 105.7894888), (20.9765116, 105.7907704), (20.9748434, 105.7918527), (20.9746898, 105.7916298), (20.975941, 105.7907658), (20.9752449, 105.7896084), (20.9756272, 105.7894888)]"
Vườn hoa,786580801,20.97163428,105.78143751333333,"[(20.9725448, 105.7808937), (20.9721321, 105.7810874), (20.971794, 105.7813168), (20.9716575, 105.7814241), (20.9715649, 105.7815085), (20.9714296, 105.781648), (20.9711341, 105.7820034), (20.9709763, 105.7822167), (20.9708787, 105.782112), (20.9709149, 105.7819095), (20.971114, 105.7816225), (20.9712443, 105.7814857), (20.9721597, 105.7807884), (20.9724245, 105.7806523), (20.9725448, 105.7808937)]"
Vườn hoa,795140970,20.97583255,105.741385375,"[(20.9755796, 105.7413029), (20.9760454, 105.7412144), (20.9761256, 105.7417213), (20.9755796, 105.7413029)]"
Vườn hoa,795142588,20.980574649999998,105.73914505,"[(20.9806535, 105.7388755), (20.9800976, 105.7389747), (20.980894, 105.7398545), (20.9806535, 105.7388755)]"
Vườn hoa,795142945,20.982360039999996,105.73977457999999,"[(20.9826871, 105.7394951), (20.9828098, 105.7398116), (20.9820986, 105.7403668), (20.9815176, 105.7397043), (20.9826871, 105.7394951)]"
Vườn Nhật,839663173,21.003798606451614,105.75490311935485,"[(21.004417, 105.7552812), (21.0046724, 105.7546836), (21.0049826, 105.7539579), (21.0050011, 105.7539147), (21.0048622, 105.7538208), (21.004816, 105.7537896), (21.0048327, 105.753719), (21.004307, 105.7535706), (21.0040596, 105.7535054), (21.0039437, 105.7534754), (21.0035491, 105.7535757), (21.0029037, 105.7538405), (21.0027202, 105.7541443), (21.0026159, 105.7543108), (21.0023734, 105.7546977), (21.0024242, 105.7552655), (21.0024682, 105.7555669), (21.0025164, 105.7565821), (21.0030899, 105.75629), (21.0032558, 105.7562154), (21.0032933, 105.7561985), (21.0038544, 105.7559433), (21.0038863, 105.7558944), (21.0038938, 105.7557525), (21.0039469, 105.7556235), (21.0040019, 105.7555342), (21.0040131, 105.755521), (21.004078, 105.7554446), (21.0042691, 105.7552995), (21.0042919, 105.7552969), (21.004417, 105.7552812)]"
Công viên Con Voi,839675222,21.010257322222223,105.83333181111112,"[(21.0102851, 105.8333954), (21.0102005, 105.8332819), (21.0101999, 105.833114), (21.0101994, 105.832592), (21.0107072, 105.8332148), (21.0102059, 105.8337014), (21.0101635, 105.8337038), (21.0100693, 105.8335876), (21.0102851, 105.8333954)]"
Vườn hoa Kim Liên,839899602,21.008118366666665,105.83922872222222,"[(21.0083497, 105.8392279), (21.0081385, 105.8390833), (21.0081156, 105.8390814), (21.008089, 105.8390896), (21.0080537, 105.8391126), (21.008039, 105.8391313), (21.008023, 105.8391641), (21.0079071, 105.8399404), (21.0083497, 105.8392279)]"
Công viên Trung tâm,840934114,20.99988390666667,105.74139693999999,"[(21.0026196, 105.7407004), (21.0012543, 105.7401668), (21.0009922, 105.7401505), (20.9972005, 105.7412832), (20.9972753, 105.7414393), (20.9973684, 105.7416337), (20.9974037, 105.7417075), (20.9979535, 105.7428551), (20.998049, 105.7430544), (21.0001469, 105.7419518), (21.0005897, 105.7417022), (21.0010325, 105.7414739), (21.001233, 105.741374), (21.0025204, 105.7407609), (21.0026196, 105.7407004)]"
Công viên Thể thao,840934121,21.003766992857145,105.74145590714285,"[(21.0043743, 105.7416752), (21.0041884, 105.7419437), (21.0041133, 105.7418506), (21.0036841, 105.7420815), (21.0030992, 105.7414), (21.002824, 105.7410812), (21.0025204, 105.7407609), (21.0026196, 105.7407004), (21.0041056, 105.7412709), (21.0041435, 105.7413277), (21.0041817, 105.7414681), (21.004222, 105.7415337), (21.0042875, 105.7416136), (21.0043743, 105.7416752)]"
Vườn hoa Diên Hồng,879841441,21.02648841028037,105.85599163364485,"[(21.0267584, 105.8561126), (21.026746, 105.856117), (21.0267346, 105.856121), (21.0267027, 105.8561323), (21.0266919, 105.8561361), (21.0266633, 105.8561463), (21.0266557, 105.8561491), (21.0266313, 105.8561577), (21.0266222, 105.8561608), (21.0266094, 105.8561653), (21.0266015, 105.8561681), (21.0265689, 105.8561796), (21.0265608, 105.8561824), (21.0265293, 105.8561935), (21.0265124, 105.8561995), (21.0264933, 105.8562063), (21.0264871, 105.8562085), (21.0264691, 105.8562149), (21.0264492, 105.8562219), (21.0264299, 105.8562286), (21.0264234, 105.856231), (21.0264033, 105.8562381), (21.026378, 105.8562471), (21.0263544, 105.8562555), (21.0263267, 105.8562653), (21.0263173, 105.8562686), (21.0263118, 105.8562705), (21.0262924, 105.8562774), (21.0262594, 105.8562891), (21.0262543, 105.8562909), (21.0262475, 105.8562933), (21.0262357, 105.8562975), (21.0262275, 105.8563004), (21.0262054, 105.8563082), (21.0261979, 105.8563109), (21.0261879, 105.8563144), (21.0261793, 105.8563174), (21.0261589, 105.8563247), (21.026152, 105.8563271), (21.0261444, 105.8563298), (21.0260619, 105.8563589), (21.0260064, 105.8563787), (21.0259935, 105.8563768), (21.0259867, 105.8563664), (21.0259842, 105.8563533), (21.025988, 105.8563354), (21.0260334, 105.8561722), (21.0261576, 105.855727), (21.0261609, 105.8557149), (21.0261641, 105.8557034), (21.026173, 105.8556718), (21.0261792, 105.855656), (21.0261911, 105.8556477), (21.0262071, 105.8556477), (21.0262248, 105.8556518), (21.0263084, 105.8556804), (21.0263115, 105.8556815), (21.0263175, 105.8556835), (21.0263211, 105.8556847), (21.0263354, 105.8556897), (21.0264057, 105.8557137), (21.0264262, 105.8557207), (21.0264297, 105.8557219), (21.0264393, 105.8557252), (21.026444, 105.8557268), (21.0264487, 105.8557284), (21.0264904, 105.8557427), (21.0265115, 105.8557499), (21.0265164, 105.8557516), (21.0265211, 105.8557532), (21.0265249, 105.8557545), (21.0265344, 105.8557577), (21.0265477, 105.8557623), (21.0265596, 105.8557663), (21.0265741, 105.8557713), (21.0265822, 105.8557741), (21.0266086, 105.8557831), (21.0266142, 105.855785), (21.0266249, 105.8557887), (21.0266337, 105.8557917), (21.0266412, 105.8557943), (21.0266769, 105.8558065), (21.0266844, 105.855809), (21.0266903, 105.8558111), (21.0266978, 105.8558136), (21.0267039, 105.8558157), (21.0267187, 105.8558208), (21.026724, 105.8558226), (21.0267315, 105.8558252), (21.0267375, 105.8558272), (21.026745, 105.8558298), (21.026759, 105.8558346), (21.0267665, 105.8558372), (21.0267784, 105.8558412), (21.0267921, 105.8558459), (21.0268004, 105.8558487), (21.026816, 105.8558541), (21.0268246, 105.8558571), (21.0268341, 105.8558603), (21.026927, 105.8558919), (21.0269541, 105.8559094), (21.0269718, 105.855941), (21.0269769, 105.8559735), (21.0269701, 105.856015), (21.0269482, 105.8560394), (21.0269135, 105.8560578), (21.0267584, 105.8561126)]"
Công viên Mễ Trì,889113701,21.007671620833335,105.77176590833334,"[(21.0058012, 105.7710294), (21.0079492, 105.7692529), (21.0080984, 105.7692644), (21.0081667, 105.769358), (21.0088697, 105.770321), (21.008907, 105.7703714), (21.0090748, 105.7705982), (21.0091261, 105.7706676), (21.0095462, 105.7712615), (21.0100265, 105.7719056), (21.0099996, 105.7722343), (21.0088044, 105.773063), (21.0086202, 105.772621), (21.0078183, 105.77296), (21.0079462, 105.7733852), (21.007733, 105.7733891), (21.0076316, 105.7733909), (21.0073801, 105.7733549), (21.0053762, 105.7730083), (21.0053128, 105.7729884), (21.005275, 105.7728785), (21.0052742, 105.7727309), (21.0055803, 105.7713179), (21.0058012, 105.7710294)]"
Vườn hoa,892583617,20.96153126,105.74746028,"[(20.9616286, 105.747431), (20.9615159, 105.7476018), (20.9613854, 105.7475045), (20.9614978, 105.7473331), (20.9616286, 105.747431)]"
Quảng trường,892583620,20.96099718,105.74706164,"[(20.9613939, 105.7471931), (20.9612337, 105.7474593), (20.9603958, 105.7468645), (20.9605686, 105.7465982), (20.9613939, 105.7471931)]"
Jump Arena Tăng Bạt Hổ,898540569,21.015921742857138,105.85909705714286,"[(21.0162378, 105.8588848), (21.0156197, 105.8590207), (21.0156532, 105.8591953), (21.0156698, 105.8592822), (21.015746, 105.8592654), (21.0162879, 105.8591462), (21.0162378, 105.8588848)]"
Công viên Long Biên,908417669,21.060802383333332,105.90511972222222,"[(21.0634916, 105.9038026), (21.0635328, 105.9040019), (21.0628013, 105.9058923), (21.0612457, 105.9057229), (21.06077, 105.906902), (21.0602337, 105.9066287), (21.0601159, 105.9067488), (21.0599836, 105.9067581), (21.0598032, 105.9066696), (21.0596823, 105.9065669), (21.0595954, 105.9064839), (21.0589782, 105.9051896), (21.0588298, 105.9048785), (21.0596192, 105.904424), (21.0591124, 105.9034129), (21.061336, 105.9021209), (21.0618202, 105.9021488), (21.0634916, 105.9038026)]"
Vườn hoa Lạc Long Quân,911561441,21.06917576,105.81198795999998,"[(21.0693309, 105.8118073), (21.0691698, 105.8117301), (21.0689335, 105.8122589), (21.0691137, 105.8123362), (21.0693309, 105.8118073)]"
Vườn hoa Thuỷ lợi,916528084,21.00776881538462,105.82405473846153,"[(21.0087661, 105.824739), (21.0088148, 105.8247269), (21.0088444, 105.8247196), (21.0086809, 105.8242375), (21.008609, 105.8241974), (21.0068014, 105.8232815), (21.0066585, 105.8232412), (21.0064952, 105.82331), (21.0063098, 105.8234109), (21.0063217, 105.8234711), (21.0076572, 105.8241692), (21.0082695, 105.8244683), (21.0087661, 105.824739)]"
Vườn hoa Sơn Tây,921987264,21.14140388888889,105.50512712222222,"[(21.1414942, 105.5048002), (21.1412441, 105.5046607), (21.141124, 105.505291), (21.141189, 105.5054225), (21.1412916, 105.5055163), (21.1415743, 105.5055351), (21.1415793, 105.5052374), (21.1416443, 105.5048807), (21.1414942, 105.5048002)]"
Vườn hoa Giang Biên,932101144,21.063594033333334,105.91542976666666,"[(21.0638983, 105.9148635), (21.0640926, 105.9154459), (21.0640622, 105.9155256), (21.0633896, 105.9157765), (21.0633481, 105.9157827), (21.0633082, 105.9157812), (21.0630862, 105.9157321), (21.0632628, 105.9150969), (21.0638983, 105.9148635)]"
Vườn hoa Phùng Hưng,942762464,21.03396987142857,105.84569582857141,"[(21.0342607, 105.8457261), (21.0337786, 105.8458275), (21.0337325, 105.8457887), (21.0337204, 105.8455714), (21.0337747, 105.8455569), (21.0342615, 105.8456741), (21.0342607, 105.8457261)]"
Vườn hoa Nông dân,959984228,21.0957093,105.91619177999999,"[(21.0958957, 105.9162736), (21.095629, 105.9163935), (21.0954676, 105.9160674), (21.0956585, 105.9159508), (21.0958957, 105.9162736)]"
Vườn hoa Thị trấn Yên Viên,959985390,21.090352760000002,105.92253639999998,"[(21.0905385, 105.9224687), (21.0902907, 105.9228344), (21.0900671, 105.9226372), (21.090329, 105.922273), (21.0905385, 105.9224687)]"
Vườn đình Lã Côi,959988676,21.09808728181818,105.92353723636361,"[(21.0981846, 105.9233662), (21.0981858, 105.9236417), (21.0981203, 105.9236519), (21.0981167, 105.9236915), (21.0980834, 105.9236941), (21.0980834, 105.9236149), (21.0979036, 105.9236047), (21.0979036, 105.9234644), (21.0980917, 105.9234491), (21.0981024, 105.9233649), (21.0981846, 105.9233662)]"
Khu vui chơi,960170470,21.09598734,105.9213172,"[(21.0961, 105.921211), (21.0961383, 105.9214037), (21.0958169, 105.9214674), (21.0957815, 105.9212929), (21.0961, 105.921211)]"
Vườn hoa Chợ Phúc Đồng,961664400,21.03958792,105.90327838,"[(21.0398732, 105.9031306), (21.039505, 105.9028909), (21.0391597, 105.9035001), (21.0395285, 105.9037397), (21.0398732, 105.9031306)]"
Vườn hoa Phụ nữ tự quản,962108578,20.9787017,105.79504824,"[(20.979018, 105.794975), (20.9784808, 105.7954779), (20.9782179, 105.7951561), (20.9787738, 105.7946572), (20.979018, 105.794975)]"
Trung Kinh Hạ Playgroung,965856881,21.01264022,105.79526874000001,"[(21.0128929, 105.7952703), (21.0126215, 105.7949333), (21.0122612, 105.7952664), (21.0125326, 105.7956034), (21.0128929, 105.7952703)]"
Vườn hoa Đào Duy Anh,977375279,21.009056294117645,105.83823912352942,"[(21.0091739, 105.8379597), (21.0089597, 105.8381507), (21.0089347, 105.838173), (21.0087638, 105.8383253), (21.0087592, 105.8383608), (21.0088451, 105.8384594), (21.0088621, 105.838479), (21.0089211, 105.8385467), (21.0089366, 105.8385321), (21.0091047, 105.8383702), (21.0091357, 105.8383403), (21.0093356, 105.8381479), (21.0093089, 105.8381189), (21.0092769, 105.8380816), (21.0092558, 105.838057), (21.0092093, 105.8380028), (21.0091739, 105.8379597)]"
Vườn hoa,1002534081,20.985802966666668,105.78269291666668,"[(20.9859339, 105.7827743), (20.9857626, 105.7825431), (20.985718, 105.7825463), (20.9857013, 105.7825913), (20.9857681, 105.7829282), (20.9859339, 105.7827743)]"
Vườn hoa,1002535124,20.98486076,105.78781280000001,"[(20.9849086, 105.7883331), (20.9850329, 105.7872646), (20.9849457, 105.7872088), (20.984508, 105.7879244), (20.9849086, 105.7883331)]"
Vườn hoa,1044480535,20.978030342857142,105.74243271428573,"[(20.9782238, 105.7422675), (20.9781898, 105.7426795), (20.9780375, 105.7426537), (20.9778452, 105.7424542), (20.9778311, 105.7423662), (20.9778612, 105.7423404), (20.9782238, 105.7422675)]"
Vườn hoa,1044483277,20.979819650000003,105.73910835,"[(20.980033, 105.7390059), (20.9797105, 105.7393213), (20.9795021, 105.7391003), (20.980033, 105.7390059)]"
Vườn hoa,1044483520,20.9791715,105.73925225999999,"[(20.97947, 105.7391132), (20.9791114, 105.7395102), (20.978893, 105.7392913), (20.9789131, 105.7392334), (20.97947, 105.7391132)]"
Vườn hoa,1044484317,20.97844375,105.739407725,"[(20.9786887, 105.7392806), (20.9783461, 105.739684), (20.9780515, 105.7393857), (20.9786887, 105.7392806)]"
Vườn hoa,1044485137,20.978008116666665,105.73978266666666,"[(20.9780195, 105.7394007), (20.9777851, 105.7394372), (20.9779974, 105.7406474), (20.9783941, 105.7402011), (20.9778331, 105.7396089), (20.9780195, 105.7394007)]"
Vườn hoa,1044485853,20.9854659625,105.740693025,"[(20.9856628, 105.7404178), (20.9858752, 105.7408899), (20.9854023, 105.7411753), (20.985182, 105.7408212), (20.9851519, 105.7407526), (20.9852, 105.7406539), (20.9855907, 105.7404157), (20.9856628, 105.7404178)]"
Vườn hoa,1044486077,20.98518196666667,105.73862538333333,"[(20.9845609, 105.7386733), (20.9847252, 105.7391883), (20.9860394, 105.7383879), (20.9860234, 105.7383364), (20.985182, 105.7384931), (20.9845609, 105.7386733)]"
Vườn hoa Tao Đàn,1087731715,21.0214688625,105.85776813125,"[(21.0219142, 105.8577419), (21.0219079, 105.857723), (21.0218888, 105.8577108), (21.0213399, 105.8575849), (21.0213151, 105.8575841), (21.0212982, 105.8575909), (21.0212783, 105.8576084), (21.0212691, 105.8576228), (21.0212111, 105.8578936), (21.0212153, 105.8579187), (21.0212316, 105.8579361), (21.0212535, 105.8579521), (21.0212727, 105.8579619), (21.0212904, 105.8579596), (21.0219015, 105.8577594), (21.0219142, 105.8577419)]"
Công viên Tuổi trẻ Thủ đô,1103182086,21.0060598245614,105.85685903157895,"[(21.0028903, 105.8579629), (21.0029193, 105.8570557), (21.0029466, 105.8558305), (21.0029648, 105.8551406), (21.003124, 105.8550972), (21.0045101, 105.8551001), (21.004869, 105.8551023), (21.005314, 105.8551051), (21.0054133, 105.8551014), (21.0056385, 105.8550931), (21.0057508, 105.855089), (21.0059724, 105.8550335), (21.006481, 105.8548639), (21.0066503, 105.8551098), (21.0069093, 105.8551314), (21.0069481, 105.8550838), (21.0071571, 105.8550036), (21.007327, 105.8549957), (21.0074721, 105.8550374), (21.0081899, 105.8558042), (21.0081859, 105.8559219), (21.0081414, 105.8559828), (21.0080015, 105.8560344), (21.007884, 105.8560463), (21.0077338, 105.8561109), (21.0075955, 105.8562995), (21.0074824, 105.8564342), (21.0072132, 105.8566172), (21.0071083, 105.8567212), (21.0071667, 105.8567758), (21.0074022, 105.8568944), (21.0075644, 105.8570196), (21.0076195, 105.8571397), (21.0076612, 105.8573557), (21.0076337, 105.8575999), (21.0076103, 105.8584501), (21.0075555, 105.8585834), (21.0074833, 105.8586584), (21.007242, 105.8587424), (21.0070542, 105.8588372), (21.0068267, 105.859139), (21.0067251, 105.8592399), (21.0060916, 105.8590465), (21.0056613, 105.8588657), (21.0054937, 105.8587698), (21.0054475, 105.8586609), (21.0054083, 105.8585163), (21.005294, 105.8579938), (21.0052105, 105.8579056), (21.0051034, 105.8578477), (21.004903, 105.8577964), (21.0046812, 105.8577677), (21.0041943, 105.8578169), (21.0039658, 105.857842), (21.0034099, 105.8579089), (21.0033165, 105.8579186), (21.0028903, 105.8579629)]"
Vườn hoa,1106866558,20.98378078,105.78731280000002,"[(20.9840272, 105.7871727), (20.9838519, 105.7870053), (20.9834362, 105.7875439), (20.9835614, 105.7876694), (20.9840272, 105.7871727)]"
Vườn hoa,1107405638,20.9770541875,105.74225825,"[(20.9771721, 105.74223), (20.9771713, 105.7423112), (20.9770121, 105.7423094), (20.9769278, 105.7422792), (20.9769101, 105.7422557), (20.9769304, 105.742244), (20.9771376, 105.7422065), (20.9771721, 105.74223)]"
Vườn hoa,1107407506,20.975328821739133,105.74171873043478,"[(20.977234, 105.7424172), (20.97725, 105.742533), (20.9769715, 105.74243), (20.9757015, 105.7416146), (20.9755573, 105.7414516), (20.9751392, 105.7415243), (20.9749337, 105.7417811), (20.9748241, 105.7416816), (20.9747002, 105.7418474), (20.9742975, 105.7415131), (20.9741974, 105.7414825), (20.9739568, 105.741309), (20.9739677, 105.7412446), (20.9739758, 105.7411967), (20.9742368, 105.7411438), (20.9742332, 105.7413651), (20.9743499, 105.7415004), (20.9744571, 105.741508), (20.9755174, 105.7412835), (20.9761417, 105.7417402), (20.9766968, 105.7421817), (20.9769893, 105.7423642), (20.977234, 105.7424172)]"
Vườn hoa Tăng Bạt Hổ,1108118623,21.01843685625,105.85860597499999,"[(21.0186269, 105.8586833), (21.0186379, 105.8586427), (21.0186261, 105.8585958), (21.018605, 105.8585696), (21.0182741, 105.8584406), (21.0182353, 105.8584406), (21.0182033, 105.8584568), (21.0181915, 105.8584983), (21.0181974, 105.8585507), (21.018216, 105.8585894), (21.0182412, 105.8586156), (21.0185334, 105.8587392), (21.0185697, 105.8587392), (21.0185899, 105.8587356), (21.0186151, 105.8587149), (21.0186269, 105.8586833)]"
Vườn hoa Yersin,1108445943,21.013458691666667,105.86062623333333,"[(21.0135665, 105.860279), (21.0136674, 105.8608228), (21.0136619, 105.8608445), (21.0136429, 105.8608586), (21.0132244, 105.8609383), (21.013201, 105.8609254), (21.0131868, 105.8608913), (21.0131847, 105.8608677), (21.0135204, 105.8602737), (21.0135324, 105.8602669), (21.0135494, 105.8602676), (21.0135665, 105.860279)]"
Vườn hoa Lê Trực,1111949860,21.032683966666667,105.83319075833333,"[(21.0328624, 105.8329849), (21.0328732, 105.8329821), (21.0328843, 105.8329833), (21.0328944, 105.8329882), (21.032902, 105.8329956), (21.0329071, 105.8330051), (21.0329093, 105.8330158), (21.0328928, 105.833351), (21.0328907, 105.8333602), (21.0328861, 105.8333682), (21.0328794, 105.8333744), (21.0328713, 105.8333781), (21.0328625, 105.833379), (21.0324511, 105.8333034), (21.0324367, 105.8333008), (21.0324162, 105.8332901), (21.0323998, 105.8332783), (21.0323871, 105.83326), (21.0323794, 105.8332391), (21.0323792, 105.8332169), (21.0323822, 105.8331978), (21.0323929, 105.8331774), (21.0324127, 105.8331636), (21.0328624, 105.8329849)]"
Vườn hoa Hoàng Cầu,1112643378,21.016813483333333,105.821118475,"[(21.0164361, 105.820908), (21.0164695, 105.8208302), (21.0165516, 105.8207013), (21.0166279, 105.8206235), (21.0167088, 105.8205852), (21.0167994, 105.8205508), (21.0169006, 105.8205418), (21.0169864, 105.8205584), (21.0171043, 105.8206056), (21.0172007, 105.8206835), (21.0172519, 105.8207664), (21.0173032, 105.820871), (21.0173174, 105.8209565), (21.0173032, 105.8210777), (21.0172829, 105.8211594), (21.0172365, 105.8212436), (21.0171674, 105.8213342), (21.0171019, 105.8213916), (21.017009, 105.8214337), (21.0169208, 105.8214554), (21.0168215, 105.8214554), (21.0168012, 105.8214608), (21.0167774, 105.821485), (21.0166976, 105.8217032), (21.0166714, 105.8217976), (21.0166208, 105.8216978), (21.0165868, 105.8216038), (21.0165755, 105.8215613), (21.016574, 105.8214581), (21.0165655, 105.8213458), (21.0165542, 105.8212502), (21.016541, 105.8211869), (21.0164985, 105.8211022), (21.0164619, 105.8210199), (21.0164225, 105.8209513), (21.0164361, 105.820908)]"
Vườn hoa Nghĩa Tân,1118308342,21.042940071428575,105.79296134285714,"[(21.043065, 105.7927403), (21.0429055, 105.7927374), (21.042707, 105.7928994), (21.0427095, 105.7932212), (21.0430653, 105.7932181), (21.0430632, 105.7931727), (21.043065, 105.7927403)]"
Vườn An Viên,1119231769,21.00687756,105.94569098000002,"[(21.007192, 105.9454414), (21.0069956, 105.9452758), (21.0064059, 105.9460655), (21.0066023, 105.9462308), (21.007192, 105.9454414)]"
Vườn Lam Viên,1119231770,21.00775864,105.94643370000001,"[(21.0080744, 105.9461859), (21.0078754, 105.946018), (21.0072849, 105.9468055), (21.0074841, 105.9469732), (21.0080744, 105.9461859)]"
Vườn Long Viên,1119231771,21.00866964,105.94720161999999,"[(21.0090046, 105.9469707), (21.0087568, 105.9467616), (21.0081671, 105.9475481), (21.0084151, 105.947757), (21.0090046, 105.9469707)]"
Đài tưởng niệm Liệt sĩ Phường Mai Dịch,1122937024,21.03608506666667,105.7794161,"[(21.0358863, 105.7796911), (21.0360574, 105.7796188), (21.036332, 105.7795028), (21.0364511, 105.7789964), (21.0358973, 105.7789964), (21.0358863, 105.7796911)]"
Vườn hoa Cự Khối,1137325945,21.00797597727272,105.91314475909093,"[(21.0081899, 105.9124028), (21.0075991, 105.9125393), (21.0075113, 105.9125596), (21.0075289, 105.9128522), (21.0075267, 105.9131254), (21.0075402, 105.9133127), (21.0075541, 105.913376), (21.0075684, 105.9134411), (21.0076114, 105.9135643), (21.0077099, 105.9137534), (21.0078139, 105.9138834), (21.0079483, 105.9140233), (21.0079957, 105.913952), (21.0083302, 105.9134491), (21.0083883, 105.9133468), (21.0084407, 105.9132273), (21.0085519, 105.9129565), (21.0084935, 105.9129137), (21.0084192, 105.9128432), (21.0083163, 105.9127062), (21.0082437, 105.9125536), (21.0081899, 105.9124028)]"
Vườn hoa Thượng Thanh,1144267188,21.05701061111111,105.87420358333333,"[(21.0572213, 105.8752536), (21.0572311, 105.8750139), (21.05725, 105.8745535), (21.0572571, 105.8743799), (21.057275, 105.873944), (21.057277, 105.873896), (21.0572852, 105.8736953), (21.0572723, 105.8736736), (21.0572581, 105.8736583), (21.0572388, 105.8736457), (21.0570296, 105.8736351), (21.0568806, 105.8736275), (21.0565944, 105.8736129), (21.0565175, 105.873609), (21.0565051, 105.8738547), (21.0564409, 105.875127), (21.0564357, 105.8752309), (21.0572213, 105.8752536)]"
Hai Au Park,1149372974,20.988563642857144,105.95367728571428,"[(20.9892064, 105.9547102), (20.9891135, 105.9546795), (20.9888899, 105.9542889), (20.9887494, 105.9540785), (20.9885338, 105.9538314), (20.9881844, 105.9534559), (20.9878493, 105.9531076), (20.9875506, 105.9528533), (20.987539, 105.9527754), (20.9877707, 105.9523616), (20.9878389, 105.9523217), (20.9897282, 105.9541284), (20.9897305, 105.9541794), (20.9892064, 105.9547102)]"
Công viên Khởi nghiệp,1159101822,21.012231217910447,105.53754030447762,"[(21.013857, 105.5394413), (21.0139112, 105.5392601), (21.0139516, 105.5390653), (21.0139685, 105.5388704), (21.0139664, 105.5388065), (21.0139651, 105.5387673), (21.0139638, 105.5387262), (21.0139617, 105.5386629), (21.0139415, 105.5384879), (21.0138843, 105.5382547), (21.0138034, 105.5380526), (21.0137091, 105.5378938), (21.0136322, 105.5377911), (21.0135929, 105.5377386), (21.0135831, 105.5377285), (21.0135233, 105.5376667), (21.0134497, 105.5375907), (21.0133082, 105.5374698), (21.0131398, 105.5373561), (21.0129848, 105.5372713), (21.0127995, 105.5371919), (21.0125789, 105.5370511), (21.0124205, 105.5369248), (21.0121982, 105.5366993), (21.0120938, 105.5365549), (21.011959, 105.5363384), (21.0118495, 105.5361057), (21.0118306, 105.5360622), (21.0117485, 105.5358729), (21.0116828, 105.5357466), (21.0115817, 105.5356365), (21.0114099, 105.5355373), (21.0112987, 105.5355174), (21.0111606, 105.5355192), (21.0107631, 105.5355373), (21.0106536, 105.5355571), (21.0106115, 105.5355734), (21.0105946, 105.5356221), (21.0105913, 105.5358819), (21.0106233, 105.5362482), (21.0107025, 105.5367065), (21.0107395, 105.536914), (21.0107951, 105.5370151), (21.010854, 105.537053), (21.0109534, 105.5370854), (21.0110663, 105.5371378), (21.0111572, 105.537219), (21.0112381, 105.5373326), (21.0112819, 105.5374716), (21.0112954, 105.5376213), (21.0112751, 105.5377133), (21.0112364, 105.5378216), (21.0111926, 105.5378974), (21.0111404, 105.537993), (21.0111438, 105.538058), (21.0112044, 105.5381699), (21.0116727, 105.5389367), (21.0118344, 105.5391713), (21.0119557, 105.539323), (21.0122192, 105.5390894), (21.0123835, 105.5390165), (21.0124244, 105.5390031), (21.0125591, 105.5389589), (21.0127291, 105.5389407), (21.0129047, 105.538971), (21.0131285, 105.539059), (21.013857, 105.5394413)]"
Vườn hoa Nguyễn Đình Thi,1162837200,21.043320878571425,105.82528165714284,"[(21.043435, 105.8250222), (21.0433915, 105.8248483), (21.0433335, 105.8249819), (21.0431834, 105.8252699), (21.0430296, 105.8255579), (21.0431411, 105.8255534), (21.0432096, 105.8255365), (21.0432856, 105.8255068), (21.0433395, 105.8254635), (21.0433889, 105.8254075), (21.0434212, 105.8253505), (21.043446, 105.8252743), (21.0434524, 105.8251483), (21.043435, 105.8250222)]"
Vườn hoa ô quy hoạch C12/CX3,1173092162,21.0499957,105.89762726363638,"[(21.0499503, 105.8981404), (21.050048, 105.8981678), (21.0506207, 105.8977989), (21.0506379, 105.8977248), (21.0501835, 105.8969141), (21.0500897, 105.8968887), (21.0495072, 105.897263), (21.0494926, 105.8973347), (21.0496876, 105.897678), (21.0497849, 105.8978491), (21.0499503, 105.8981404)]"
Vườn hoa Phúc Đồng,1173092164,21.047363,105.90078637647059,"[(21.0474239, 105.9004651), (21.0473357, 105.9004437), (21.0472389, 105.9005269), (21.0472072, 105.9005542), (21.0471755, 105.9005814), (21.0470344, 105.9007027), (21.047177, 105.900953), (21.0471856, 105.900968), (21.0471938, 105.9009825), (21.0473474, 105.901252), (21.0475, 105.9011598), (21.0475604, 105.9011217), (21.0477102, 105.9010328), (21.04756, 105.900735), (21.0475525, 105.90072), (21.0475446, 105.9007045), (21.0474239, 105.9004651)]"
Vườn hoa Tân Thụy,1173092165,21.0450242,105.89724293750001,"[(21.045473, 105.8973535), (21.045438, 105.897376), (21.0452615, 105.8974894), (21.0451776, 105.8975434), (21.045135, 105.8975707), (21.0451256, 105.8975768), (21.0449422, 105.8976947), (21.0448407, 105.8976663), (21.044535, 105.8971414), (21.04456, 105.8970276), (21.0447384, 105.896913), (21.0447477, 105.896907), (21.0447912, 105.8968791), (21.0450509, 105.8967122), (21.0450974, 105.8966824), (21.045473, 105.8973535)]"
Vườn hoa Gia Quất,1174290221,21.055242896,105.87104204799999,"[(21.0557218, 105.8702957), (21.0557062, 105.8704983), (21.0557, 105.8705783), (21.0556766, 105.8708829), (21.0556269, 105.8715283), (21.0555795, 105.8715744), (21.0555401, 105.8715729), (21.0552438, 105.8715617), (21.0551844, 105.8715594), (21.0551709, 105.8715512), (21.0551077, 105.8715125), (21.0550458, 105.8714746), (21.0550234, 105.8714409), (21.0549701, 105.8713608), (21.0549662, 105.8713526), (21.0549447, 105.8713074), (21.0549108, 105.8712359), (21.0548866, 105.871185), (21.0548581, 105.8711251), (21.0547489, 105.8708952), (21.054614, 105.8706111), (21.0552286, 105.8702928), (21.0552961, 105.8702578), (21.0555994, 105.8701007), (21.0557218, 105.8702957)]"
Vườn hoa Kim Quan,1187726805,21.058231300000003,105.90145965384615,"[(21.0573583, 105.9012623), (21.0575653, 105.9019248), (21.057581, 105.9019749), (21.0576243, 105.9021135), (21.0577153, 105.9021484), (21.0579958, 105.9019897), (21.0580255, 105.9019729), (21.0583348, 105.9017979), (21.0583629, 105.901782), (21.0583913, 105.901766), (21.0585594, 105.9016709), (21.058829, 105.9015183), (21.0587388, 105.9013736), (21.058729, 105.9013505), (21.0587273, 105.9013464), (21.0587214, 105.9013179), (21.0587185, 105.9012881), (21.058603, 105.9013057), (21.0585521, 105.9013134), (21.0586173, 105.9008159), (21.058558, 105.9007295), (21.058301, 105.9009294), (21.0582804, 105.9009449), (21.0579822, 105.9011704), (21.0577836, 105.9008814), (21.0573583, 105.9012623)]"
Dự án cải tạo hồ Đầu Băng,1188004485,21.027135038888886,105.88844987777777,"[(21.0253439, 105.8889599), (21.0260191, 105.8891136), (21.0263227, 105.8891712), (21.0274188, 105.8894123), (21.0285982, 105.8897008), (21.0287238, 105.8896151), (21.0287566, 105.8894404), (21.0279946, 105.8892573), (21.0280482, 105.887617), (21.0279318, 105.8875254), (21.0278226, 105.8874666), (21.0276492, 105.8874309), (21.0274691, 105.8874376), (21.0265191, 105.8878154), (21.026446, 105.8878346), (21.0263729, 105.887827), (21.0256502, 105.8875128), (21.0253439, 105.8889599)]"
Vườn hoa Mai Phúc,1190841554,21.04475658181818,105.90268301818182,"[(21.045212, 105.9026333), (21.0450803, 105.9023978), (21.0450451, 105.9023608), (21.0448524, 105.9022049), (21.0444048, 105.9027874), (21.0444023, 105.9028057), (21.0444025, 105.9028241), (21.0444077, 105.9028391), (21.0446148, 105.9030164), (21.0446885, 105.9030104), (21.045212, 105.9026333)]"
Công viên Thành cổ Sơn Tây,1193781063,21.13996262857143,105.50538265,"[(21.1393394, 105.5062131), (21.1397259, 105.5064294), (21.1403433, 105.5051622), (21.1402546, 105.505107), (21.1402299, 105.5051369), (21.1402006, 105.5051588), (21.1401324, 105.5051771), (21.1400897, 105.5051711), (21.1400471, 105.5051588), (21.1400011, 105.505147), (21.1399587, 105.5051251), (21.1399225, 105.5050971), (21.1398922, 105.5050604), (21.1393394, 105.5062131)]"
Công viên - Bãi xe ngầm Mễ Trì Hạ,1209822359,21.013987841666665,105.78179173333335,"[(21.014184, 105.7809656), (21.0133187, 105.7820592), (21.0135069, 105.7822942), (21.0136091, 105.7823125), (21.0138944, 105.7820635), (21.0139333, 105.7820306), (21.0139911, 105.7819844), (21.0140339, 105.7819497), (21.0142572, 105.7817463), (21.0143706, 105.7816492), (21.0145709, 105.78148), (21.014184, 105.7809656)]"
Vườn hoa 1-6,1210984005,21.016438620000002,105.82717712000002,"[(21.016328, 105.8266453), (21.0158583, 105.8275519), (21.0166264, 105.82798), (21.0170524, 105.8270631), (21.016328, 105.8266453)]"
Vườn hoa Trạm,1215489700,21.0260725,105.89278363999999,"[(21.0262651, 105.8927255), (21.0261702, 105.8929806), (21.025804, 105.8928495), (21.0258581, 105.8926371), (21.0262651, 105.8927255)]"
Công viên Lâm Hạ,1217933369,21.040637903448278,105.88167576206898,"[(21.0419503, 105.8818744), (21.0416754, 105.8822504), (21.0411324, 105.8817947), (21.0411131, 105.8818188), (21.0407939, 105.8815503), (21.0407386, 105.8815369), (21.0406878, 105.8815533), (21.0406462, 105.8815657), (21.0402302, 105.882149), (21.0401686, 105.8821768), (21.040193, 105.8822448), (21.0400811, 105.8823918), (21.040059, 105.8823801), (21.0399693, 105.8825169), (21.0397966, 105.8824254), (21.0397454, 105.8822689), (21.0400763, 105.8811217), (21.0400939, 105.8810787), (21.0401164, 105.8810444), (21.0401768, 105.8809807), (21.04046, 105.8812755), (21.0405919, 105.8812705), (21.0406626, 105.8812019), (21.0407619, 105.8812773), (21.0409062, 105.8811354), (21.0411706, 105.881342), (21.0412617, 105.881236), (21.0412897, 105.8812604), (21.0419503, 105.8818744)]"
Ánh Dương Garden,1218848971,21.06803564444444,105.88670596666665,"[(21.0685934, 105.8870784), (21.068384, 105.8872617), (21.0680354, 105.8868077), (21.0679323, 105.886898), (21.0677402, 105.8866478), (21.0678433, 105.8865576), (21.0674947, 105.8861037), (21.0677041, 105.8859204), (21.0685934, 105.8870784)]"
Ngoc Trai Lake-San Ho Park,1223169238,20.99145233846154,105.94992381923076,"[(20.9917727, 105.9489439), (20.9907823, 105.9506467), (20.9908358, 105.950652), (20.9909647, 105.9506187), (20.9910498, 105.9505957), (20.9911647, 105.9505373), (20.9912847, 105.9504073), (20.9913752, 105.950252), (20.9914013, 105.950171), (20.9914021, 105.9500992), (20.9914262, 105.950087), (20.9914524, 105.9500689), (20.9914725, 105.9500505), (20.9914912, 105.950024), (20.9915054, 105.9499915), (20.9915146, 105.9499598), (20.9915178, 105.9499256), (20.9915142, 105.9498968), (20.9915789, 105.9498419), (20.9916618, 105.9497503), (20.9917371, 105.9495927), (20.9917741, 105.949447), (20.9917789, 105.9493085), (20.9917671, 105.9491429), (20.9917626, 105.9490642), (20.9917727, 105.9489439)]"
Tonkin's park,1223384698,20.99740016,105.73880675999999,"[(20.997539, 105.7384501), (20.997727, 105.7391846), (20.9971919, 105.7393418), (20.9970039, 105.7386072), (20.997539, 105.7384501)]"
Bien Ho Park,1223490974,21.00005991090909,105.94813316363637,"[(20.9989882, 105.9491698), (20.9990712, 105.9492884), (20.9991167, 105.9493317), (20.9994107, 105.9490195), (20.999447, 105.948982), (20.9995046, 105.9489252), (20.9997147, 105.9487155), (20.9999, 105.9485684), (21.0000786, 105.948415), (21.0008467, 105.9478106), (21.001049, 105.9476499), (21.0011662, 105.9475582), (21.0011827, 105.9474384), (21.0010975, 105.9473156), (21.0010252, 105.9472155), (21.0009821, 105.9471527), (21.0009512, 105.9471087), (21.0008934, 105.9471517), (21.0009059, 105.9472011), (21.0008916, 105.9472317), (21.000838, 105.9472828), (21.0007975, 105.9473402), (21.0007749, 105.947432), (21.0007546, 105.9475035), (21.0006963, 105.9475915), (21.0006486, 105.9476451), (21.0006236, 105.9477153), (21.0005486, 105.9477281), (21.000433, 105.9477612), (21.0003437, 105.9477918), (21.0002377, 105.9478518), (21.0001412, 105.9479131), (21.0000888, 105.9479641), (21.0000745, 105.9480138), (21.0000519, 105.9480279), (21.0000006, 105.9480279), (20.9999542, 105.9480445), (20.999903, 105.94807), (20.999847, 105.94813), (20.9998279, 105.9481848), (20.9998279, 105.9482307), (20.9997803, 105.9482524), (20.999679, 105.9483124), (20.9995933, 105.9483673), (20.999523, 105.9484579), (20.9994718, 105.9485625), (20.9994527, 105.9486224), (20.9994134, 105.9486569), (20.9993193, 105.9487092), (20.9992216, 105.9487717), (20.9991394, 105.9488598), (20.9990608, 105.9489389), (20.9990191, 105.9490256), (20.9989965, 105.9491175), (20.9989882, 105.9491698)]"
Vườn hoa Đàn Nam,1250193564,21.01080045,105.84998434166668,"[(21.0110439, 105.8501874), (21.0110548, 105.8498433), (21.0110098, 105.8498418), (21.0107478, 105.8498332), (21.0107121, 105.8498335), (21.0106888, 105.8498418), (21.010671, 105.8498533), (21.010659, 105.849877), (21.0106394, 105.8501703), (21.0106565, 105.850171), (21.0106784, 105.8501721), (21.0110439, 105.8501874)]"
Công viên hồ Cần,1253839879,20.99684276,105.87522474,"[(20.9974566, 105.8748379), (20.9959151, 105.8748261), (20.9959234, 105.8758168), (20.9974621, 105.875805), (20.9974566, 105.8748379)]"
Khu cảnh quan,1253905584,21.01879579047619,105.93384431904761,"[(21.0194034, 105.9339858), (21.0194045, 105.9339767), (21.019354, 105.9335212), (21.0193246, 105.9332722), (21.0184815, 105.9333682), (21.0184817, 105.9333719), (21.0185206, 105.9337245), (21.0185255, 105.9337732), (21.0184876, 105.9337778), (21.0184712, 105.9337797), (21.0184536, 105.9337817), (21.0184795, 105.9340157), (21.0184971, 105.9340135), (21.0185135, 105.9340114), (21.0185217, 105.9340853), (21.0185255, 105.9340947), (21.0185317, 105.9340993), (21.0185409, 105.9341012), (21.0193919, 105.9339974), (21.0193982, 105.9339935), (21.0194034, 105.9339858)]"
Sân betong bóng rổ + đá bóng mini,1257492050,20.96208212608696,105.80191912608694,"[(20.9622345, 105.8018367), (20.9622163, 105.8018738), (20.9622609, 105.8019128), (20.9622593, 105.8019623), (20.9622213, 105.8020136), (20.9622014, 105.8020066), (20.9621678, 105.8019816), (20.962132, 105.8019712), (20.9620874, 105.8019836), (20.9620672, 105.8019897), (20.9620345, 105.8020066), (20.9620065, 105.8020263), (20.9619668, 105.8020048), (20.9619139, 105.8019747), (20.9618891, 105.8019393), (20.9618495, 105.8019269), (20.961899, 105.8018243), (20.961947, 105.8018172), (20.9619932, 105.801796), (20.9620114, 105.8017889), (20.9621221, 105.8018668), (20.9621733, 105.8017995), (20.9622345, 105.8018367)]"
Trung tâm sinh thái giáo dục V-Eco,1258166110,21.01657270857143,105.9299922257143,"[(21.0171617, 105.9290559), (21.0170314, 105.9291569), (21.0169939, 105.9291932), (21.0169579, 105.9292532), (21.0168077, 105.9292728), (21.0168239, 105.929419), (21.0168604, 105.9294529), (21.0168859, 105.9294983), (21.016897, 105.92955), (21.0168927, 105.9296029), (21.0168733, 105.9296517), (21.0168525, 105.9296772), (21.0168783, 105.9299101), (21.0159982, 105.9300214), (21.0158911, 105.929056), (21.0145709, 105.9292133), (21.0148368, 105.9316869), (21.0149799, 105.931674), (21.0149942, 105.9318118), (21.0151119, 105.9318017), (21.0154542, 105.9317722), (21.0154358, 105.9315639), (21.0153835, 105.9309679), (21.0174036, 105.9307489), (21.0173915, 105.9306468), (21.0173778, 105.9305198), (21.0173424, 105.9301912), (21.0173248, 105.9300279), (21.017311, 105.9299004), (21.0172855, 105.9296638), (21.0172641, 105.9294962), (21.0172122, 105.9290892), (21.0172075, 105.92907), (21.0171896, 105.9290546), (21.0171617, 105.9290559)]"
Vườn hoa Công đoàn,1289605166,21.010072763333334,105.82513516333334,"[(21.0103908, 105.8255809), (21.0105405, 105.8252332), (21.0105514, 105.8252079), (21.0105499, 105.8251982), (21.0105424, 105.825188), (21.0105289, 105.8251778), (21.0103045, 105.8250668), (21.0102541, 105.8250756), (21.0101646, 105.8250271), (21.0101561, 105.8250226), (21.0101473, 105.8250178), (21.0101035, 105.8249937), (21.010091, 105.8249868), (21.0100828, 105.8249822), (21.0099439, 105.8249051), (21.0099261, 105.8248957), (21.009916, 105.8248903), (21.0097858, 105.8248173), (21.009706, 105.8249666), (21.0096979, 105.824982), (21.0096895, 105.8249978), (21.0096056, 105.8251533), (21.009758, 105.8252386), (21.0097718, 105.8252461), (21.0097841, 105.8252529), (21.0099234, 105.8253282), (21.0099313, 105.8253324), (21.0099486, 105.8253418), (21.0099963, 105.8253673), (21.0103908, 105.8255809)]"
Vườn hoa Hoàng Văn Thụ,1290167945,21.038667566666668,105.83948672857143,"[(21.0386116, 105.8393338), (21.0386521, 105.8393667), (21.0386914, 105.8394036), (21.0387259, 105.8394398), (21.0387604, 105.8394828), (21.038794, 105.8395351), (21.0388289, 105.8395929), (21.0388358, 105.8396164), (21.0388347, 105.8396341), (21.0388258, 105.8396434), (21.0388131, 105.8396454), (21.0385685, 105.8396117), (21.0385479, 105.8395983), (21.0385356, 105.8395787), (21.0385315, 105.839556), (21.0385322, 105.8395371), (21.0385657, 105.8393388), (21.0385713, 105.8393282), (21.0385822, 105.8393211), (21.0385987, 105.8393236), (21.0386116, 105.8393338)]"
Công viên Ba Mẫu,1292544276,21.012825010000004,105.84011075333335,"[(21.0142121, 105.8399075), (21.0142797, 105.8401993), (21.014284, 105.8404001), (21.0142579, 105.8404912), (21.014138, 105.8406033), (21.0135931, 105.8409886), (21.0135059, 105.8410259), (21.0133424, 105.8410423), (21.0115463, 105.8410002), (21.0115158, 105.8410306), (21.0108096, 105.8410259), (21.0107769, 105.8410049), (21.0107551, 105.8409559), (21.0107572, 105.8405449), (21.0107856, 105.8404912), (21.0115267, 105.8396996), (21.0118842, 105.839312), (21.0119692, 105.8392513), (21.0120847, 105.8392186), (21.01244, 105.8391836), (21.0126972, 105.8392116), (21.0128345, 105.839256), (21.0132552, 105.8394825), (21.0134623, 105.8395969), (21.0136192, 105.8396179), (21.013907, 105.8396413), (21.0140181, 105.8396716), (21.0141118, 105.8397417), (21.0141685, 105.8398187), (21.0142121, 105.8399075)]"
Vườn hoa Hàng Vôi,1292544286,21.029242185714285,105.85673135714286,"[(21.0294066, 105.8567467), (21.0291429, 105.856832), (21.0291134, 105.8568019), (21.0290991, 105.8566534), (21.0291277, 105.8566267), (21.029399, 105.8567121), (21.0294066, 105.8567467)]"
Khu khảo cổ học 18 Hoàng Diệu,1304386629,21.03729429756098,105.83846042926828,"[(21.0375301, 105.8381081), (21.0368265, 105.8379664), (21.0367887, 105.8379588), (21.0364745, 105.8378955), (21.0364284, 105.8378865), (21.036399, 105.8378807), (21.0363, 105.838401), (21.0363, 105.8384158), (21.0363069, 105.8384322), (21.036388, 105.8385683), (21.0363933, 105.8385814), (21.0363918, 105.8385978), (21.0362811, 105.8392098), (21.0362784, 105.8392289), (21.0362768, 105.8392404), (21.0362816, 105.8392608), (21.0362899, 105.8392773), (21.0363018, 105.8392901), (21.0363256, 105.8393015), (21.0364231, 105.839315), (21.0365488, 105.8393325), (21.0366254, 105.8393431), (21.0370536, 105.8394024), (21.038332, 105.8395794), (21.0383685, 105.8395845), (21.0383902, 105.8395805), (21.0384096, 105.8395675), (21.0384196, 105.839556), (21.0384289, 105.839527), (21.0384317, 105.8395095), (21.0388059, 105.8371709), (21.0388074, 105.8371616), (21.0387989, 105.8371232), (21.0387732, 105.8370884), (21.0387415, 105.8370797), (21.0387171, 105.8370746), (21.0377607, 105.8368749), (21.0377579, 105.83689), (21.0377522, 105.8369202), (21.0376275, 105.8375873), (21.0375301, 105.8381081)]"
T8 Park,1307631429,21.014824904347826,105.90544200869566,"[(21.0154816, 105.9050952), (21.0154789, 105.9052724), (21.0154826, 105.9057763), (21.0154854, 105.9058905), (21.0154839, 105.9059627), (21.0149976, 105.9059599), (21.0147739, 105.9059525), (21.0144743, 105.9059439), (21.0144339, 105.9059373), (21.0143937, 105.9059207), (21.0143516, 105.9058789), (21.014351, 105.9055995), (21.0143524, 105.9054774), (21.0143518, 105.9050612), (21.014363, 105.9050195), (21.0143728, 105.9049819), (21.0144005, 105.9049297), (21.0144657, 105.9049085), (21.0147652, 105.9050594), (21.0149512, 105.9051518), (21.014997, 105.9051612), (21.0152832, 105.9051306), (21.0154816, 105.9050952)]"
